t,phase,actor_x,actor_y,actor_z,speed,pelvis_offset,left_ankle_z,left_ground_z,left_ik_weight,right_ankle_z,right_ground_z,right_ik_weight,left_sole_normal_error_deg,right_sole_normal_error_deg,left_foot_x,left_foot_y,left_foot_z,right_foot_x,right_foot_y,right_foot_z,left_boot_clearance_min_cm,right_boot_clearance_min_cm,left_boot_inside_step_vertices,right_boot_inside_step_vertices,left_boot_step_penetration_max_cm,right_boot_step_penetration_max_cm
0.0686,ramp,280.511,-350.000,90.000,24.757,0.000,10.101,0.000,1.000,10.101,0.000,1.000,0.006,0.010,285.014,-337.504,10.101,274.017,-363.502,10.101,0.1001,0.1002,0,0,0.0000,0.0000
0.1631,ramp,289.956,-350.000,90.000,138.061,0.000,10.102,0.000,1.000,10.102,0.000,1.000,0.013,0.016,294.493,-337.427,10.102,282.384,-363.577,10.102,0.1003,0.1004,0,0,0.0000,0.0000
0.2144,ramp,297.620,-350.000,90.000,150.000,0.000,10.102,0.000,1.000,10.503,0.000,0.848,0.006,2.794,306.294,-337.001,10.102,281.367,-364.005,10.503,0.1002,0.3541,0,0,0.0000,0.0000
0.2645,ramp,305.129,-350.000,90.000,150.000,0.000,10.102,0.000,1.000,13.347,0.000,0.157,0.006,6.678,319.585,-337.001,10.102,285.778,-364.004,13.347,0.1002,3.0313,0,0,0.0000,0.0000
0.3158,ramp,312.832,-350.000,90.000,150.000,0.000,10.102,0.000,1.000,16.276,0.000,0.000,0.006,10.827,333.456,-337.002,10.102,290.170,-364.004,16.276,0.1002,5.8343,0,0,0.0000,0.0000
0.3662,ramp,320.389,-350.000,90.000,150.000,0.000,10.101,0.000,1.000,17.805,0.000,0.000,0.004,13.414,344.901,-337.000,10.101,295.648,-364.001,17.805,0.1001,7.3126,0,0,0.0000,0.0000
0.4172,ramp,328.042,-350.000,90.000,150.000,0.000,10.101,0.000,1.000,18.138,0.000,0.000,0.003,13.402,354.359,-337.108,10.101,302.099,-363.831,18.138,0.1000,7.6450,0,0,0.0000,0.0000
0.4685,ramp,335.737,-350.000,90.000,150.000,0.000,10.102,0.000,1.000,18.696,0.000,0.000,0.005,12.056,367.131,-337.496,10.102,306.180,-363.175,18.696,0.1001,8.2272,0,0,0.0000,0.0000
0.5186,ramp,343.240,-350.000,90.000,150.000,0.000,10.102,0.000,1.000,19.381,0.000,0.000,0.014,10.405,381.037,-338.012,10.102,309.129,-362.352,19.381,0.1004,8.9490,0,0,0.0000,0.0000
0.5692,ramp,350.831,-350.000,90.000,150.000,0.000,26.972,0.000,1.000,19.985,0.000,0.000,0.003,8.967,394.011,-338.409,26.972,312.888,-361.657,19.985,0.6930,9.5928,0,0,0.0000,0.0000
0.6208,ramp,358.570,-350.000,90.000,150.000,0.000,29.105,0.000,1.000,18.874,0.000,0.000,0.246,8.389,400.052,-338.670,29.105,321.495,-361.487,18.874,0.6877,8.4940,0,0,0.0000,0.0000
0.6725,ramp,366.323,-350.000,90.000,150.000,0.000,10.530,0.000,1.000,10.447,0.000,0.989,6.249,4.416,378.218,-339.637,10.530,347.574,-361.414,10.447,0.2260,0.1976,0,0,0.0000,0.0000
0.7239,ramp,374.035,-350.000,90.000,150.000,0.000,18.472,0.000,0.000,10.131,0.000,1.000,13.524,0.371,376.927,-338.655,18.472,371.401,-361.486,10.131,7.9751,0.1079,0,0,0.0000,0.0000
0.7740,ramp,381.558,-350.000,90.000,150.000,0.000,26.873,0.000,1.000,10.100,0.000,1.000,12.317,0.004,403.576,-338.501,26.873,373.768,-361.500,10.100,0.3589,0.1001,0,0,0.0000,0.0000
0.8242,ramp,389.082,-350.000,97.777,150.000,-5.824,34.878,20.607,1.000,10.104,0.000,1.000,10.578,0.017,423.133,-338.509,34.878,373.652,-361.506,10.104,0.4466,0.1005,0,0,0.0000,0.0000
0.8744,ramp,396.618,-350.000,102.657,150.000,-7.109,35.233,24.491,1.000,10.100,0.000,1.000,0.001,0.003,433.803,-338.500,35.233,373.797,-361.499,10.100,0.1000,0.1001,0,0,0.0000,0.0000
0.9254,ramp,404.265,-350.000,105.707,150.000,-14.822,35.231,24.488,1.000,10.101,0.000,1.000,0.009,0.013,433.797,-338.518,35.231,373.742,-361.504,10.101,0.1003,0.1003,0,0,0.0000,0.0000
0.9772,ramp,412.039,-350.000,108.537,150.000,-18.857,35.233,24.489,1.000,10.178,0.000,1.000,0.005,1.030,433.799,-338.499,35.233,374.947,-361.500,10.178,0.1002,0.1207,0,0,0.0000,0.0000
1.0296,ramp,419.895,-350.000,111.396,150.000,-14.894,35.279,24.536,1.000,35.944,0.000,0.008,0.007,8.075,433.928,-338.494,35.279,387.187,-361.502,35.944,0.1002,25.5796,0,0,0.0000,0.0000
1.0807,ramp,427.564,-350.000,114.187,150.000,-7.894,35.688,24.946,1.000,42.740,0.000,0.000,0.004,12.417,435.054,-338.502,35.688,406.370,-361.503,42.740,0.1001,15.2368,0,0,0.0000,0.0000
1.1319,ramp,435.240,-350.000,116.981,150.000,-4.260,35.227,24.484,1.000,46.924,26.612,0.000,0.003,5.984,433.786,-338.500,35.227,439.633,-361.474,46.924,0.1001,7.7988,0,0,0.0000,0.0000
1.1825,ramp,442.827,-350.000,119.742,150.000,-4.468,35.218,24.475,1.000,50.348,36.716,1.000,0.002,8.516,433.761,-338.501,35.218,467.392,-361.443,50.348,0.1001,0.3829,0,0,0.0000,0.0000
1.2326,ramp,450.344,-350.000,122.478,150.000,-5.715,35.239,24.494,1.000,56.621,43.279,1.000,0.015,7.652,433.812,-338.494,35.239,485.425,-361.495,56.621,0.1004,0.3522,0,0,0.0000,0.0000
1.2835,ramp,457.976,-350.000,125.256,150.000,-5.649,35.215,24.471,1.000,57.065,46.323,1.000,0.013,0.002,433.749,-338.493,35.215,493.788,-361.493,57.065,0.1003,0.1000,0,0,0.0000,0.0000
1.3339,ramp,465.535,-350.000,128.008,150.000,-12.557,35.214,24.472,1.000,57.067,46.324,1.000,0.008,0.007,433.751,-338.498,35.214,493.790,-361.487,57.067,0.1002,0.1002,0,0,0.0000,0.0000
1.3857,ramp,473.313,-350.000,130.838,150.000,-15.274,37.001,25.474,0.957,57.081,46.339,1.000,1.392,0.002,436.506,-338.499,37.001,493.830,-361.500,57.081,0.7993,0.1000,0,0,0.0000,0.0000
1.4372,ramp,481.042,-350.000,133.652,150.000,-10.497,59.304,30.248,0.000,57.090,46.345,1.000,10.949,0.008,449.620,-338.499,59.304,493.849,-361.504,57.090,15.1235,0.1003,0,0,0.0000,0.0000
1.4885,ramp,488.726,-350.000,136.448,150.000,-5.634,65.515,39.211,0.000,57.055,46.313,1.000,6.799,0.000,474.246,-338.498,65.515,493.759,-361.497,57.055,13.5485,0.1000,0,0,0.0000,0.0000
1.5394,ramp,496.359,-350.000,139.227,150.000,-3.125,69.401,50.127,0.000,57.053,46.311,1.000,6.012,0.002,504.239,-338.504,69.401,493.755,-361.500,57.053,6.7391,0.1000,0,0,0.0000,0.0000
1.5977,ramp,505.109,-350.000,142.411,150.000,-4.903,73.868,60.051,1.000,57.540,46.798,1.000,9.107,0.002,531.504,-338.570,73.868,495.092,-361.498,57.540,0.4014,0.1001,0,0,0.0000,0.0000
1.6479,ramp,512.641,-350.000,145.153,150.000,-5.459,77.540,66.489,1.000,57.047,46.303,1.000,0.866,0.008,549.192,-338.500,77.540,493.732,-361.500,57.047,0.1304,0.1003,0,0,0.0000,0.0000
1.6988,ramp,520.275,-350.000,147.931,150.000,-8.128,78.901,68.159,1.000,57.053,46.309,1.000,0.003,0.014,553.780,-338.507,78.901,493.749,-361.507,57.053,0.1001,0.1004,0,0,0.0000,0.0000
1.7506,ramp,528.039,-350.000,150.757,150.000,-13.745,78.912,68.169,1.000,57.138,46.382,1.000,0.007,0.175,553.808,-338.512,78.912,493.950,-361.501,57.138,0.1002,0.1037,0,0,0.0000,0.0000
1.8016,ramp,535.689,-350.000,153.542,150.000,-14.824,78.919,68.175,1.000,65.740,48.374,0.641,0.006,2.683,553.825,-338.499,78.919,499.421,-361.501,65.740,0.1002,5.8718,0,0,0.0000,0.0000
1.8525,ramp,543.331,-350.000,156.323,150.000,-8.722,78.897,68.154,1.000,82.887,54.450,0.000,0.009,9.411,553.768,-338.506,78.897,516.116,-361.517,82.887,0.1002,14.9300,0,0,0.0000,0.0000
1.9029,ramp,550.895,-350.000,159.076,150.000,-4.729,78.897,68.155,1.000,89.020,64.012,0.000,0.004,6.108,553.770,-338.502,78.897,542.388,-361.501,89.020,0.1001,12.3502,0,0,0.0000,0.0000
1.9544,ramp,558.616,-350.000,161.886,150.000,-2.879,78.900,68.156,1.000,90.965,74.998,0.000,0.006,6.695,553.774,-338.498,78.900,572.572,-361.432,90.965,0.1002,2.9834,0,0,0.0000,0.0000
2.0046,ramp,566.138,-350.000,164.624,150.000,-5.801,78.897,68.154,1.000,98.206,83.915,1.000,0.003,10.623,553.767,-338.500,78.897,597.071,-361.479,98.206,0.1001,0.4495,0,0,0.0000,0.0000
2.0556,ramp,573.796,-350.000,167.411,150.000,-5.214,78.881,68.139,1.000,99.637,88.817,1.000,0.004,0.844,553.726,-338.498,78.881,610.539,-361.500,99.637,0.1001,0.1196,0,0,0.0000,0.0000
2.1058,ramp,581.323,-350.000,170.151,150.000,-9.617,78.894,68.151,1.000,100.734,89.992,1.000,0.008,0.006,553.759,-338.497,78.894,613.767,-361.498,100.734,0.1002,0.1001,0,0,0.0000,0.0000
2.1558,ramp,588.824,-350.000,172.881,150.000,-14.013,79.009,68.246,1.000,100.740,89.997,1.000,0.266,0.011,554.019,-338.498,79.009,613.780,-361.485,100.740,0.1057,0.1003,0,0,0.0000,0.0000
2.2068,ramp,596.472,-350.000,175.665,150.000,-14.450,90.664,70.563,0.501,100.740,89.998,1.000,4.713,0.000,560.385,-338.500,90.664,613.784,-361.500,100.740,7.9850,0.1000,0,0,0.0000,0.0000
2.2591,ramp,604.321,-350.000,178.522,150.000,-8.048,105.431,77.236,0.000,100.804,90.060,1.000,8.932,0.007,578.721,-338.481,105.431,613.953,-361.493,100.804,14.8226,0.1002,0,0,0.0000,0.0000
2.3100,ramp,611.954,-350.000,181.300,150.000,-4.340,111.506,87.337,0.000,100.730,89.987,1.000,5.929,0.007,606.471,-338.509,111.506,613.753,-361.500,100.730,11.6731,0.1002,0,0,0.0000,0.0000
2.3602,ramp,619.481,-350.000,184.039,150.000,-2.875,112.847,97.932,0.000,100.762,90.019,1.000,6.971,0.007,635.582,-338.570,112.847,613.842,-361.502,100.762,2.1121,0.1001,0,0,0.0000,0.0000
2.4112,ramp,627.140,-350.000,186.827,150.000,-5.975,120.949,106.496,1.000,100.834,90.091,1.000,11.150,0.005,659.110,-338.502,120.949,614.038,-361.502,100.834,0.4662,0.1002,0,0,0.0000,0.0000
2.4618,ramp,634.726,-350.000,189.588,150.000,-5.234,121.902,111.049,1.000,100.720,89.977,1.000,1.348,0.005,671.621,-338.500,121.902,613.726,-361.500,100.720,0.1292,0.1001,0,0,0.0000,0.0000
2.5138,ramp,642.532,-350.000,192.429,150.000,-10.248,122.597,111.854,1.000,100.746,90.003,1.000,0.009,0.008,673.832,-338.511,122.597,613.798,-361.502,100.746,0.1002,0.1002,0,0,0.0000,0.0000
2.5640,ramp,650.056,-350.000,195.168,150.000,-14.432,122.584,111.841,1.000,100.920,90.145,1.000,0.008,0.409,673.796,-338.513,122.584,614.187,-361.501,100.920,0.1001,0.1087,0,0,0.0000,0.0000
2.6157,ramp,657.810,-350.000,197.990,150.000,-13.498,122.598,111.855,1.000,117.611,93.354,0.265,0.005,8.304,673.834,-338.495,122.598,623.005,-361.503,117.611,0.1002,11.0781,0,0,0.0000,0.0000
2.6667,ramp,665.466,-350.000,200.777,150.000,-7.339,122.570,111.828,1.000,128.644,100.500,0.000,0.006,8.124,673.761,-338.505,122.570,642.638,-361.510,128.644,0.1002,15.0037,0,0,0.0000,0.0000
2.7184,ramp,673.211,-350.000,203.596,150.000,-3.922,122.569,111.827,1.000,133.539,111.014,0.000,0.003,5.934,673.757,-338.501,122.569,671.524,-361.471,133.539,0.1000,10.0267,0,0,0.0000,0.0000
2.7688,ramp,680.772,-350.000,206.347,150.000,-3.508,122.575,111.833,1.000,134.906,121.608,0.000,0.003,7.450,673.774,-338.499,122.575,700.630,-361.460,134.906,0.1001,0.3555,0,0,0.0000,0.0000
2.8204,ramp,688.508,-350.000,209.163,150.000,-5.897,122.597,111.854,1.000,143.974,129.336,1.000,0.011,11.766,673.832,-338.490,122.597,721.864,-361.494,143.974,0.1003,0.4849,0,0,0.0000,0.0000
2.8704,ramp,696.009,-350.000,211.893,150.000,-5.019,122.564,111.822,1.000,144.218,133.432,1.000,0.002,0.537,673.744,-338.499,122.564,733.117,-361.500,144.218,0.1000,0.1115,0,0,0.0000,0.0000
2.9211,ramp,703.614,-350.000,214.661,150.000,-11.241,122.571,111.828,1.000,144.433,133.689,1.000,0.011,0.014,673.761,-338.497,122.571,733.824,-361.481,144.433,0.1003,0.1004,0,0,0.0000,0.0000
2.9712,ramp,711.130,-350.000,217.397,150.000,-14.814,122.815,112.029,1.000,144.413,133.670,1.000,0.533,0.005,674.314,-338.499,122.815,733.772,-361.495,144.413,0.1114,0.1001,0,0,0.0000,0.0000
3.0227,ramp,718.862,-350.000,220.211,150.000,-12.538,143.166,115.981,0.087,144.449,133.704,1.000,10.975,0.010,685.172,-338.498,143.166,733.864,-361.509,144.449,13.2498,0.1004,0,0,0.0000,0.0000
3.0740,ramp,726.560,-350.000,223.013,150.000,-6.726,151.836,123.540,0.000,144.411,133.668,1.000,7.460,0.006,705.938,-338.501,151.836,733.764,-361.500,144.411,15.3497,0.1002,0,0,0.0000,0.0000
3.1245,ramp,734.125,-350.000,225.766,150.000,-3.648,155.638,134.213,0.000,144.401,133.659,1.000,5.969,0.005,735.263,-338.531,155.638,733.740,-361.499,144.401,8.7384,0.1001,0,0,0.0000,0.0000
3.1768,ramp,741.976,-350.000,228.624,150.000,-4.217,158.359,144.911,1.000,144.442,133.700,1.000,7.931,0.003,764.657,-338.517,158.359,733.853,-361.499,144.442,0.3650,0.1001,0,0,0.0000,0.0000
3.2272,ramp,749.533,-350.000,231.375,150.000,-5.825,164.634,151.955,1.000,144.372,133.624,1.000,9.478,0.020,784.010,-338.508,164.634,733.645,-361.505,144.372,1.5998,0.1007,0,0,0.0000,0.0000
3.2775,ramp,757.078,-350.000,234.121,150.000,-5.020,166.100,156.000,1.000,144.405,133.663,1.000,0.000,0.006,793.770,-338.503,166.100,733.751,-361.502,144.405,0.1000,0.1001,0,0,0.0000,0.0000
3.3284,ramp,764.718,-350.000,236.901,150.000,-11.896,166.100,156.000,1.000,144.398,133.655,1.000,0.008,0.013,793.779,-338.517,166.100,733.729,-361.504,144.398,0.0993,0.1003,0,0,0.0000,0.0000
3.3804,ramp,772.508,-350.000,240.523,150.000,-16.062,166.102,156.000,1.000,145.193,134.305,0.998,0.006,1.410,793.843,-338.499,166.102,735.516,-361.501,145.193,0.1002,0.1631,0,0,0.0000,0.0000
3.4313,ramp,780.152,-350.000,244.292,150.000,-12.008,166.100,156.000,1.000,169.290,138.777,0.000,0.007,11.666,793.841,-338.494,166.100,747.803,-361.502,169.290,0.0994,16.3844,0,0,0.0000,0.0000
3.4815,ramp,787.674,-350.000,245.970,150.000,-6.531,166.100,156.000,1.000,174.837,146.819,0.000,0.003,7.149,793.877,-338.503,166.100,769.897,-361.500,174.837,0.0997,16.7090,0,0,0.0000,0.0000
3.9271,ramp,854.514,-350.000,245.970,150.000,0.000,166.101,156.000,1.000,175.941,156.000,0.000,0.003,14.080,852.862,-338.500,166.101,859.509,-361.477,175.941,0.1000,9.4385,0,0,0.0000,0.0000
3.9774,ramp,862.062,-350.000,245.970,150.000,0.000,174.038,156.000,0.000,166.100,156.000,1.000,12.000,0.003,885.092,-338.526,174.038,853.760,-361.499,166.100,7.5695,0.1000,0,0,0.0000,0.0000
4.0286,ramp,869.737,-350.000,245.970,150.000,-0.589,168.873,156.000,0.230,166.106,156.000,1.000,6.431,0.020,904.381,-338.508,168.873,853.673,-361.505,166.106,2.5660,0.1007,0,0,0.0000,0.0000
4.0795,ramp,877.372,-350.000,245.970,150.000,-1.063,166.100,156.000,1.000,166.101,156.000,1.000,0.000,0.008,913.773,-338.505,166.100,853.749,-361.503,166.101,0.1000,0.1001,0,0,0.0000,0.0000
4.1304,ramp,885.013,-350.000,245.970,150.000,-0.573,166.101,156.000,1.000,166.101,156.000,1.000,0.007,0.012,913.825,-338.516,166.101,853.778,-361.503,166.101,0.1002,0.1003,0,0,0.0000,0.0000
4.1814,ramp,892.662,-350.000,245.970,150.000,-0.584,166.102,156.000,1.000,166.228,156.000,0.993,0.006,1.650,913.795,-338.499,166.102,855.716,-361.501,166.228,0.1002,0.1367,0,0,0.0000,0.0000
4.2326,ramp,900.349,-350.000,245.970,150.000,-1.025,166.101,156.000,1.000,171.166,156.000,0.000,0.008,8.584,913.756,-338.495,166.101,868.294,-361.502,171.166,0.1002,4.7855,0,0,0.0000,0.0000
4.2836,ramp,907.992,-350.000,245.970,150.000,-0.548,166.100,156.000,1.000,174.896,156.000,0.000,0.003,13.047,913.754,-338.504,166.100,891.462,-361.500,174.896,0.1001,8.4081,0,0,0.0000,0.0000
4.3352,ramp,915.729,-350.000,245.970,150.000,-0.293,166.101,156.000,1.000,175.992,156.000,0.000,0.003,14.072,913.782,-338.500,166.101,921.622,-361.481,175.992,0.1001,9.4900,0,0,0.0000,0.0000
4.3858,ramp,923.331,-350.000,245.970,150.000,-0.157,166.101,156.000,1.000,172.938,156.000,0.000,0.002,11.204,913.761,-338.501,166.101,948.892,-361.431,172.938,0.1001,6.4855,0,0,0.0000,0.0000
4.4380,ramp,931.150,-350.000,245.970,150.000,-1.221,166.101,156.000,1.000,167.600,156.000,0.498,0.007,5.288,913.810,-338.497,166.101,967.042,-361.498,167.600,0.1001,1.3379,0,0,0.0000,0.0000
4.4884,ramp,938.721,-350.000,245.970,150.000,-0.948,166.102,156.000,1.000,166.100,156.000,1.000,0.016,0.003,913.843,-338.491,166.102,973.889,-361.491,166.100,0.1003,0.1001,0,0,0.0000,0.0000
4.5396,ramp,946.394,-350.000,245.970,150.000,-0.510,166.100,156.000,1.000,166.100,156.000,1.000,0.004,0.001,913.766,-338.499,166.100,973.774,-361.497,166.100,0.1001,0.1000,0,0,0.0000,0.0000
4.5915,ramp,954.176,-350.000,245.970,150.000,-1.108,166.458,156.000,0.878,166.100,156.000,1.000,3.009,0.002,917.549,-338.499,166.458,973.908,-361.500,166.100,0.2989,0.1000,0,0,0.0000,0.0000
4.6429,ramp,961.886,-350.000,245.970,150.000,-0.913,172.080,156.000,0.000,166.103,156.000,1.000,9.743,0.008,931.693,-338.494,172.080,973.778,-361.498,166.103,5.6648,0.1002,0,0,0.0000,0.0000
4.6935,ramp,969.486,-350.000,245.970,150.000,-0.494,175.276,156.000,0.000,166.100,156.000,1.000,13.507,0.002,957.163,-338.497,175.276,973.749,-361.497,166.100,8.7799,0.1000,0,0,0.0000,0.0000
4.7441,ramp,974.552,-350.000,245.970,33.244,-0.266,173.233,156.000,0.000,166.292,156.000,0.941,12.135,1.746,971.384,-338.435,173.233,972.554,-361.607,166.292,6.7602,0.1889,0,0,0.0000,0.0000
4.7959,ramp,974.764,-350.000,245.970,0.000,-0.142,166.608,156.000,1.000,172.103,156.000,0.000,7.504,3.371,989.398,-336.432,166.608,960.855,-363.589,172.103,0.2524,5.9009,0,0,0.0000,0.0000
4.8476,ramp,974.764,-350.000,245.970,0.000,-0.076,166.577,156.000,1.000,174.312,156.000,0.000,7.164,0.482,1003.448,-334.165,166.577,955.693,-365.831,174.312,0.2434,8.2843,0,0,0.0000,0.0000
4.8982,ramp,974.764,-350.000,245.970,0.000,-0.041,166.570,156.000,1.000,173.530,156.000,0.000,7.043,0.001,1003.770,-334.000,166.570,956.442,-365.865,173.530,0.2410,7.5303,0,0,0.0000,0.0000
4.9492,ramp,974.764,-350.000,245.970,0.000,-0.022,166.493,156.000,1.000,172.081,156.000,0.000,5.712,0.009,1003.773,-334.000,166.493,958.676,-365.424,172.081,0.2145,6.0810,0,0,0.0000,0.0000
5.0000,ramp,974.764,-350.000,245.970,0.000,-0.012,166.377,156.000,1.000,169.698,156.000,0.099,3.856,0.004,1003.770,-334.002,166.377,961.786,-364.801,169.698,0.1774,3.6972,0,0,0.0000,0.0000
5.0514,ramp,974.764,-350.000,245.970,0.000,-0.290,166.246,156.000,1.000,166.632,156.000,0.724,1.944,0.001,1003.780,-334.001,166.246,964.993,-364.160,166.632,0.1391,0.6321,0,0,0.0000,0.0000
5.1019,ramp,974.764,-350.000,245.970,0.000,-0.802,166.141,156.000,1.000,166.102,156.000,0.999,0.532,0.006,1003.763,-334.000,166.141,967.372,-363.680,166.102,0.1107,0.1004,0,0,0.0000,0.0000
5.1528,ramp,974.764,-350.000,245.970,0.000,-0.847,166.101,156.000,1.000,166.100,156.000,1.000,0.010,0.000,1003.486,-334.040,166.101,968.249,-363.504,166.100,0.1002,0.1000,0,0,0.0000,0.0000
5.2041,ramp,974.764,-350.000,245.970,0.000,-0.804,166.104,156.000,1.000,166.100,156.000,1.000,0.011,0.002,1000.655,-334.444,166.104,968.268,-363.502,166.100,0.1003,0.1000,0,0,0.0000,0.0000
5.2548,ramp,974.764,-350.000,245.970,0.000,-0.491,166.101,156.000,1.000,166.101,156.000,1.000,0.002,0.008,994.463,-335.327,166.101,968.263,-363.500,166.101,0.1001,0.1001,0,0,0.0000,0.0000
5.3062,ramp,974.764,-350.000,245.970,0.000,-0.263,166.100,156.000,1.000,166.100,156.000,1.000,0.002,0.001,987.363,-336.342,166.100,968.269,-363.500,166.100,0.1000,0.1000,0,0,0.0000,0.0000
5.3567,ramp,974.764,-350.000,245.970,0.000,-0.142,166.102,156.000,1.000,166.100,156.000,1.000,0.006,0.001,981.819,-337.135,166.102,968.262,-363.499,166.100,0.1002,0.1000,0,0,0.0000,0.0000
5.4080,ramp,974.764,-350.000,245.970,0.000,-0.076,166.100,156.000,1.000,166.100,156.000,1.000,0.003,0.001,979.302,-337.494,166.100,968.264,-363.500,166.100,0.1001,0.1000,0,0,0.0000,0.0000
5.4596,ramp,974.764,-350.000,245.970,0.000,-0.041,166.100,156.000,1.000,166.102,156.000,1.000,0.005,0.005,979.292,-337.497,166.100,968.263,-363.501,166.102,0.1001,0.1002,0,0,0.0000,0.0000
5.5101,ramp,974.764,-350.000,245.970,0.000,-0.022,166.100,156.000,1.000,166.100,156.000,1.000,0.003,0.002,979.271,-337.497,166.100,968.264,-363.499,166.100,0.1001,0.1001,0,0,0.0000,0.0000
5.5611,ramp,974.764,-350.000,245.970,0.000,-0.012,166.100,156.000,1.000,166.102,156.000,1.000,0.003,0.007,979.269,-337.499,166.100,968.262,-363.500,166.102,0.1000,0.1002,0,0,0.0000,0.0000
5.6112,ramp,974.764,-350.000,245.970,0.000,-0.006,166.102,156.000,1.000,166.101,156.000,1.000,0.006,0.004,979.262,-337.504,166.102,968.263,-363.504,166.101,0.1002,0.1001,0,0,0.0000,0.0000
5.6614,ramp,974.764,-350.000,245.970,0.000,-0.004,166.101,156.000,1.000,166.100,156.000,1.000,0.006,0.005,979.264,-337.497,166.101,968.263,-363.500,166.100,0.1001,0.1001,0,0,0.0000,0.0000
5.7132,ramp,974.764,-350.000,245.970,0.000,-0.002,166.100,156.000,1.000,166.100,156.000,1.000,0.002,0.004,979.265,-337.497,166.100,968.268,-363.497,166.100,0.1000,0.1001,0,0,0.0000,0.0000
5.7632,ramp,974.764,-350.000,245.970,0.000,-0.001,166.101,156.000,1.000,166.103,156.000,1.000,0.005,0.008,979.267,-337.497,166.101,968.262,-363.500,166.103,0.1001,0.1003,0,0,0.0000,0.0000
5.8150,ramp,974.764,-350.000,245.970,0.000,-0.001,166.102,156.000,1.000,166.100,156.000,1.000,0.005,0.004,979.267,-337.500,166.101,968.264,-363.501,166.100,0.1001,0.1001,0,0,0.0000,0.0000
5.8662,ramp,974.764,-350.000,245.970,0.000,-0.000,166.102,156.000,1.000,166.101,156.000,1.000,0.007,0.006,979.263,-337.501,166.102,968.264,-363.500,166.101,0.1002,0.1001,0,0,0.0000,0.0000
5.9168,ramp,974.764,-350.000,245.970,0.000,-0.000,166.100,156.000,1.000,166.100,156.000,1.000,0.001,0.002,979.261,-337.503,166.100,968.265,-363.503,166.100,0.1000,0.1000,0,0,0.0000,0.0000
5.9673,ramp,974.764,-350.000,245.970,0.000,0.000,166.100,156.000,1.000,166.103,156.000,1.000,0.001,0.008,979.266,-337.501,166.100,968.265,-363.501,166.103,0.1000,0.1002,0,0,0.0000,0.0000
6.0183,ramp,974.764,-350.000,245.970,0.000,0.000,166.101,156.000,1.000,166.103,156.000,1.000,0.003,0.010,979.264,-337.500,166.101,968.264,-363.500,166.103,0.1001,0.1003,0,0,0.0000,0.0000
6.0702,ramp,974.764,-350.000,245.970,0.000,-0.006,166.100,156.000,1.000,166.101,156.000,1.000,0.001,0.004,979.263,-337.500,166.100,968.263,-363.501,166.101,0.1000,0.1001,0,0,0.0000,0.0000
6.1214,ramp,974.764,-350.000,245.970,0.000,-0.072,166.100,156.000,1.000,166.101,156.000,1.000,0.002,0.007,979.266,-337.503,166.100,968.263,-363.503,166.101,0.1000,0.1001,0,0,0.0000,0.0000
6.1724,ramp,974.764,-350.000,245.970,0.000,-0.139,166.100,156.000,1.000,166.100,156.000,1.000,0.001,0.001,979.263,-337.501,166.100,968.265,-363.501,166.100,0.1000,0.1000,0,0,0.0000,0.0000
6.2230,ramp,974.764,-350.000,245.970,0.000,-0.203,166.102,156.000,1.000,166.101,156.000,1.000,0.006,0.006,979.268,-337.504,166.102,968.265,-363.504,166.101,0.1002,0.1001,0,0,0.0000,0.0000
6.2735,ramp,974.764,-350.000,245.970,0.000,-0.255,166.103,156.000,1.000,166.100,156.000,1.000,0.009,0.005,979.263,-337.499,166.103,968.264,-363.498,166.100,0.1002,0.1001,0,0,0.0000,0.0000
6.3241,ramp,974.764,-350.000,245.970,0.000,-0.304,166.102,156.000,1.000,166.101,156.000,1.000,0.005,0.004,979.262,-337.502,166.102,968.266,-363.503,166.101,0.1001,0.1001,0,0,0.0000,0.0000
6.3757,ramp,974.764,-350.000,245.970,0.000,-0.356,166.100,156.000,1.000,166.100,156.000,1.000,0.004,0.001,979.263,-337.499,166.100,968.265,-363.500,166.100,0.1000,0.1000,0,0,0.0000,0.0000
6.4261,ramp,974.764,-350.000,245.970,0.000,-0.398,166.102,156.000,1.000,166.100,156.000,1.000,0.015,0.003,979.260,-337.502,166.102,968.263,-363.501,166.100,0.1003,0.1000,0,0,0.0000,0.0000
6.4793,ramp,974.764,-350.000,245.970,0.000,-0.434,166.103,156.000,1.000,166.100,156.000,1.000,0.008,0.001,979.262,-337.501,166.103,968.265,-363.500,166.100,0.1002,0.1000,0,0,0.0000,0.0000
6.5297,ramp,974.764,-350.000,245.970,0.000,-0.461,166.100,156.000,1.000,166.102,156.000,1.000,0.004,0.005,979.266,-337.501,166.100,968.262,-363.500,166.102,0.1000,0.1001,0,0,0.0000,0.0000
6.5810,ramp,974.764,-350.000,245.970,0.000,-0.483,166.101,156.000,1.000,166.101,156.000,1.000,0.007,0.003,979.265,-337.500,166.101,968.260,-363.501,166.101,0.1001,0.1001,0,0,0.0000,0.0000
6.6313,ramp,974.764,-350.000,245.970,0.000,-0.497,166.101,156.000,1.000,166.100,156.000,1.000,0.013,0.002,979.267,-337.501,166.101,968.263,-363.500,166.100,0.1003,0.1000,0,0,0.0000,0.0000
6.6819,ramp,974.764,-350.000,245.970,0.000,-0.501,166.102,156.000,1.000,166.102,156.000,1.000,0.015,0.006,979.262,-337.503,166.102,968.262,-363.501,166.102,0.1002,0.1002,0,0,0.0000,0.0000
6.7331,ramp,974.764,-350.000,245.970,0.000,-0.502,166.101,156.000,1.000,166.100,156.000,1.000,0.010,0.002,979.264,-337.499,166.101,968.266,-363.500,166.100,0.1002,0.1000,0,0,0.0000,0.0000
6.7846,ramp,974.764,-350.000,245.970,0.000,-0.499,166.101,156.000,1.000,166.100,156.000,1.000,0.007,0.002,979.267,-337.500,166.101,968.263,-363.501,166.100,0.1001,0.1000,0,0,0.0000,0.0000
6.8349,ramp,974.764,-350.000,245.970,0.000,-0.491,166.101,156.000,1.000,166.100,156.000,1.000,0.006,0.003,979.264,-337.498,166.101,968.267,-363.501,166.100,0.1001,0.1001,0,0,0.0000,0.0000
6.8901,ramp,974.764,-350.000,245.970,0.000,-0.476,166.101,156.000,1.000,166.100,156.000,1.000,0.012,0.004,979.266,-337.501,166.101,968.267,-363.501,166.100,0.1003,0.1001,0,0,0.0000,0.0000
6.9404,ramp,974.764,-350.000,245.970,0.000,-0.455,166.100,156.000,1.000,166.101,156.000,1.000,0.002,0.005,979.262,-337.501,166.100,968.266,-363.501,166.101,0.1000,0.1001,0,0,0.0000,0.0000
6.9909,ramp,974.764,-350.000,245.970,0.000,-0.427,166.102,156.000,1.000,166.101,156.000,1.000,0.007,0.011,979.262,-337.502,166.102,968.262,-363.502,166.101,0.1002,0.1002,0,0,0.0000,0.0000
7.0410,steps,181.029,450.000,90.000,48.646,-0.357,10.102,0.000,1.000,10.102,0.000,1.000,0.009,0.018,185.539,462.531,10.102,174.221,436.484,10.102,0.1002,0.1005,0,0,0.0000,0.0000
7.0919,steps,185.112,450.000,90.000,109.647,-0.193,10.107,0.000,1.000,10.106,0.000,1.000,0.020,0.045,189.675,462.781,10.107,174.850,436.267,10.106,0.1007,0.1009,0,0,0.0000,0.0000
7.1424,steps,192.057,450.000,90.000,150.000,-0.104,10.101,0.000,1.000,10.108,0.000,1.000,0.004,0.099,196.694,462.994,10.101,178.067,436.006,10.108,0.1001,0.1020,0,0,0.0000,0.0000
7.1937,steps,199.755,450.000,90.000,150.000,-0.056,10.102,0.000,1.000,10.240,0.000,0.974,0.006,1.617,206.671,462.999,10.102,184.455,435.998,10.240,0.1002,0.1511,0,0,0.0000,0.0000
7.2518,steps,208.470,450.000,90.000,150.000,-0.027,10.102,0.000,1.000,11.897,0.000,0.427,0.006,5.135,220.634,462.998,10.102,190.342,435.994,11.897,0.1002,1.6414,0,0,0.0000,0.0000
7.3034,steps,216.211,450.000,90.000,150.000,-0.015,10.103,0.000,1.000,15.878,0.000,0.000,0.008,10.128,235.796,462.998,10.103,194.112,435.999,15.878,0.1002,5.4537,0,0,0.0000,0.0000
7.3547,steps,223.905,450.000,90.000,150.000,-0.008,30.101,0.000,1.000,17.593,0.000,0.000,0.003,13.061,247.881,463.000,30.101,199.451,435.998,17.593,0.1001,7.1062,0,0,0.0000,0.0000
7.4056,steps,231.535,450.000,90.000,150.000,-0.004,30.101,0.000,1.000,18.072,0.000,0.000,0.003,13.561,257.228,462.942,30.101,206.036,436.089,18.072,0.1001,7.5774,0,0,0.0000,0.0000
7.4567,steps,239.194,450.000,101.762,150.000,-0.002,30.101,20.000,1.000,30.313,0.000,0.000,0.005,12.386,269.361,462.588,30.101,210.507,436.666,30.313,0.1001,19.8383,0,0,0.0000,0.0000
7.5077,steps,246.849,450.000,107.114,150.000,-0.001,30.101,20.000,1.000,36.375,0.000,0.000,0.008,10.706,283.492,462.085,30.101,213.556,437.501,36.375,0.1002,25.9358,0,0,0.0000,0.0000
7.5594,steps,254.611,450.000,109.592,150.000,-0.001,30.101,20.000,1.000,39.488,0.000,0.000,0.008,9.170,297.052,461.638,30.101,217.201,438.246,39.488,0.1002,29.0895,0,0,0.0000,0.0000
7.6111,steps,262.353,450.000,110.106,150.000,-0.090,30.109,20.000,1.000,39.706,0.000,0.000,0.104,8.557,305.518,461.430,30.109,224.269,438.499,39.706,0.1022,29.3238,0,0,0.0000,0.0000
7.6611,steps,269.858,450.000,110.106,150.000,-0.049,30.452,20.000,1.000,29.355,0.000,0.754,5.023,5.270,287.882,460.368,30.452,247.008,438.560,29.355,0.2008,0.9194,0,0,0.0000,0.0000
7.7115,steps,277.426,450.000,110.106,150.000,-0.027,37.161,20.000,0.000,30.168,20.000,1.000,12.843,0.803,282.879,461.222,37.161,272.160,438.523,30.168,6.6729,0.1172,0,0,0.0000,0.0000
7.7627,steps,285.099,450.000,110.106,150.000,-0.042,38.424,20.000,0.000,30.100,20.000,1.000,12.164,0.003,307.621,461.487,38.424,277.058,438.500,30.100,7.9527,0.1000,0,0,0.0000,0.0000
7.8127,steps,292.602,450.000,110.106,150.000,-0.080,48.097,20.000,1.000,30.105,20.000,1.000,6.743,0.019,326.907,461.492,48.097,276.897,438.494,30.105,0.1000,0.1006,0,0,0.0000,0.0000
7.8635,steps,300.223,450.000,110.106,150.000,-0.043,50.100,20.000,1.000,30.100,20.000,1.000,0.000,0.005,337.026,461.497,50.100,277.010,438.498,30.100,0.1000,0.1001,0,0,0.0000,0.0000
7.9142,steps,307.821,450.000,110.106,150.000,-0.023,50.100,20.000,1.000,30.101,20.000,1.000,0.008,0.013,337.048,461.483,50.100,276.996,438.496,30.101,0.1010,0.1003,0,0,0.0000,0.0000
7.9741,steps,316.811,450.000,119.184,150.000,-9.610,50.102,20.000,1.000,30.195,20.000,1.000,0.005,1.251,338.348,461.501,50.102,279.771,438.499,30.195,0.1002,0.1252,0,0,0.0000,0.0000
8.0245,steps,324.364,450.000,125.592,150.000,-7.424,50.099,20.000,1.000,51.307,20.000,0.000,0.009,9.161,337.054,461.503,50.099,293.052,438.499,51.307,0.1015,20.9087,0,0,0.0000,0.0000
8.0758,steps,332.060,450.000,128.998,150.000,-3.982,50.100,20.000,1.000,58.086,20.000,0.000,0.004,13.288,337.065,461.496,50.100,317.663,438.499,58.086,0.1006,27.5934,0,0,0.0000,0.0000
8.1263,steps,339.643,450.000,130.113,150.000,-2.155,50.101,20.000,1.000,60.283,40.000,0.000,0.003,14.058,337.063,461.501,50.101,347.460,438.505,60.283,0.1001,9.7809,0,0,0.0000,0.0000
8.1776,steps,347.337,450.000,130.113,150.000,-1.156,50.101,20.000,1.000,56.620,40.000,0.000,0.002,10.756,337.054,461.499,50.101,374.300,438.573,56.620,0.1000,6.1785,0,0,0.0000,0.0000
8.2281,steps,354.904,450.000,130.113,150.000,-1.386,50.099,20.000,1.000,51.274,40.000,0.604,0.006,4.855,337.119,461.501,50.099,391.265,438.500,51.274,0.1009,1.0310,0,0,0.0000,0.0000
8.2793,steps,362.586,450.000,130.113,150.000,-1.007,50.101,20.000,1.000,50.100,40.000,1.000,0.018,0.003,337.002,461.510,50.101,397.050,438.509,50.100,0.1008,0.1001,0,0,0.0000,0.0000
8.3296,steps,370.133,450.000,130.113,150.000,-0.563,50.096,20.000,1.000,50.100,40.000,1.000,0.036,0.002,337.082,461.500,50.096,397.057,438.503,50.100,0.1061,0.1001,0,0,0.0000,0.0000
8.3802,steps,377.725,450.000,130.113,150.000,-1.529,50.369,40.000,0.832,50.100,40.000,1.000,3.351,0.002,341.179,461.501,50.369,397.101,438.500,50.100,1.3739,0.1000,0,0,0.0000,0.0000
8.4302,steps,385.232,450.000,130.113,150.000,-1.112,56.239,40.000,0.000,50.103,40.000,1.000,9.812,0.008,355.261,461.508,56.239,397.013,438.502,50.103,5.8219,0.1002,0,0,0.0000,0.0000
8.4812,steps,392.880,450.000,132.977,150.000,-1.091,62.323,40.000,0.000,50.100,40.000,1.000,13.542,0.002,380.863,461.503,62.323,397.033,438.503,50.100,11.8268,0.1000,0,0,0.0000,0.0000
8.5328,steps,400.614,450.000,143.045,150.000,-11.985,72.788,40.000,0.000,50.100,40.000,1.000,13.805,0.003,411.054,461.466,72.788,397.072,438.499,50.100,6.6007,0.1001,0,0,0.0000,0.0000
8.5829,steps,408.125,450.000,147.469,150.000,-17.417,73.639,60.000,0.000,50.101,40.000,1.000,10.246,0.004,436.586,461.437,73.639,397.045,438.502,50.101,3.2104,0.1001,0,0,0.0000,0.0000
8.6337,steps,415.753,450.000,149.630,150.000,-17.655,70.699,60.000,0.744,50.103,40.000,1.000,3.957,0.008,452.276,461.500,70.699,397.018,438.500,50.103,0.4946,0.1003,0,0,0.0000,0.0000
8.6845,steps,423.367,450.000,150.138,150.000,-17.163,70.100,60.000,1.000,50.102,40.000,1.000,0.003,0.015,457.034,461.493,70.100,397.000,438.493,50.102,0.1001,0.1003,0,0,0.0000,0.0000
8.7345,steps,430.876,450.000,150.138,150.000,-20.146,70.101,60.000,1.000,50.109,40.000,1.000,0.005,0.121,457.109,461.491,70.101,397.200,438.499,50.109,0.1001,0.1024,0,0,0.0000,0.0000
8.7847,steps,438.409,450.000,150.138,150.000,-18.771,70.102,60.000,1.000,69.708,40.000,0.725,0.007,4.038,457.062,461.501,70.102,402.025,438.499,69.708,0.1002,1.0738,0,0,0.0000,0.0000
8.8422,steps,447.021,450.000,150.138,150.000,-9.548,70.101,60.000,1.000,76.396,40.000,0.000,0.010,10.101,458.325,461.497,70.101,418.033,438.489,76.396,0.1002,9.2517,0,0,0.0000,0.0000
8.8923,steps,454.545,450.000,150.138,150.000,-5.190,70.100,60.000,1.000,80.292,60.000,0.000,0.004,14.079,457.046,461.499,70.100,447.048,438.499,80.292,0.1001,9.7888,0,0,0.0000,0.0000
8.9431,steps,462.168,450.000,150.138,150.000,-2.800,70.101,60.000,1.000,79.152,60.000,0.000,0.006,13.299,457.162,461.502,70.101,476.569,438.570,79.152,0.1002,8.6590,0,0,0.0000,0.0000
8.9938,steps,469.772,450.000,150.138,150.000,-1.527,70.101,60.000,1.000,89.973,80.000,1.000,0.003,9.134,457.005,461.500,70.101,501.423,438.502,89.973,0.1001,0.2365,0,0,0.0000,0.0000
9.0456,steps,477.539,450.000,160.037,150.000,-5.055,70.100,60.000,1.000,90.266,80.000,1.000,0.004,2.236,457.006,461.502,70.100,514.358,438.500,90.266,0.1001,0.1449,0,0,0.0000,0.0000
9.0973,steps,485.296,450.000,166.145,150.000,-14.733,70.101,60.000,1.000,90.101,80.000,1.000,0.007,0.010,457.037,461.502,70.101,517.059,438.506,90.101,0.1002,0.1002,0,0,0.0000,0.0000
9.1481,steps,492.914,450.000,169.301,150.000,-19.337,70.127,60.000,1.000,90.101,80.000,1.000,0.344,0.011,457.518,461.502,70.127,517.195,438.515,90.101,0.1069,0.1003,0,0,0.0000,0.0000
9.2002,steps,500.721,450.000,170.105,150.000,-18.457,85.947,60.000,0.325,90.102,80.000,1.000,6.088,0.005,465.517,461.501,85.947,517.139,438.496,90.102,15.6536,0.1002,0,0,0.0000,0.0000
9.2518,steps,508.472,450.000,170.105,150.000,-10.098,97.741,60.000,0.000,90.102,80.000,1.000,11.766,0.006,485.106,461.513,97.741,517.016,438.505,90.102,11.0300,0.1002,0,0,0.0000,0.0000
9.3034,steps,516.206,450.000,170.105,150.000,-5.402,100.087,80.000,0.000,90.101,80.000,1.000,14.124,0.006,513.632,461.475,100.087,517.044,438.501,90.101,9.5839,0.1002,0,0,0.0000,0.0000
9.3546,steps,523.887,450.000,170.105,150.000,-2.901,98.690,80.000,0.000,90.101,80.000,1.000,12.682,0.006,543.049,461.452,98.690,517.133,438.499,90.101,8.2092,0.1001,0,0,0.0000,0.0000
9.4063,steps,531.643,450.000,170.105,150.000,-1.566,107.888,80.000,1.000,90.103,80.000,1.000,7.563,0.013,565.053,461.492,107.888,516.914,438.493,90.103,0.1000,0.1003,0,0,0.0000,0.0000
9.4575,steps,539.320,450.000,170.105,150.000,-0.836,110.042,80.000,1.000,90.100,80.000,1.000,0.463,0.002,576.440,461.500,110.042,516.977,438.500,90.100,0.1783,0.1000,0,0,0.0000,0.0000
9.5079,steps,546.888,450.000,170.105,150.000,-0.453,110.099,80.000,1.000,90.101,80.000,1.000,0.010,0.011,577.437,461.484,110.099,517.387,438.497,90.101,0.1015,0.1002,0,0,0.0000,0.0000
9.5595,steps,554.616,450.000,176.138,150.000,-6.238,110.101,80.000,1.000,90.143,80.000,1.000,0.004,0.561,577.030,461.498,110.101,517.601,438.500,90.143,0.1001,0.1113,0,0,0.0000,0.0000
9.6188,steps,563.513,450.000,185.214,150.000,-7.801,110.101,80.000,1.000,107.763,80.000,0.087,0.006,7.362,578.412,461.506,110.101,529.899,438.497,107.763,0.1001,17.4222,0,0,0.0000,0.0000
9.6690,steps,571.047,450.000,188.671,150.000,-4.238,110.100,80.000,1.000,117.553,80.000,0.000,0.003,12.949,577.119,461.497,110.100,553.639,438.500,117.553,0.1006,27.0662,0,0,0.0000,0.0000
9.7197,steps,578.659,450.000,190.053,150.000,-2.289,110.101,80.000,1.000,120.019,100.000,0.000,0.003,14.080,577.040,461.500,110.101,583.553,438.524,120.019,0.1001,9.5167,0,0,0.0000,0.0000
9.7704,steps,586.262,450.000,190.053,150.000,-1.228,110.101,80.000,1.000,117.255,100.000,0.000,0.002,11.399,577.006,461.499,110.101,611.205,438.562,117.255,0.1001,6.7987,0,0,0.0000,0.0000
9.8220,steps,593.996,450.000,190.053,150.000,-1.166,110.102,80.000,1.000,111.946,100.000,0.426,0.011,5.583,576.969,461.504,110.102,629.568,438.504,111.946,0.1003,1.6718,0,0,0.0000,0.0000
9.8724,steps,601.560,450.000,190.053,150.000,-1.041,110.102,80.000,1.000,110.100,100.000,1.000,0.015,0.002,577.006,461.508,110.102,637.050,438.508,110.100,0.1003,0.1001,0,0,0.0000,0.0000
9.9229,steps,609.132,450.000,190.053,150.000,-0.569,110.100,80.000,1.000,110.101,100.000,1.000,0.007,0.005,577.049,461.502,110.100,637.078,438.510,110.101,0.1008,0.1001,0,0,0.0000,0.0000
9.9753,steps,616.744,450.000,190.053,110.959,-0.674,110.098,100.000,1.000,110.107,100.000,1.000,1.167,0.084,580.091,461.494,110.098,637.978,438.512,110.107,0.4439,0.1017,0,0,0.0000,0.0000
10.0266,steps,618.768,450.000,190.053,0.000,-0.365,110.234,100.000,1.000,110.929,100.000,0.691,1.697,3.232,604.778,462.149,110.234,622.586,438.120,110.929,0.1353,0.7442,0,0,0.0000,0.0000
10.0858,steps,618.768,450.000,190.053,0.000,-0.177,110.486,100.000,1.000,117.687,100.000,0.000,5.561,2.345,639.399,464.934,110.486,603.392,435.296,117.687,0.2118,7.5466,0,0,0.0000,0.0000
10.1372,steps,618.768,450.000,190.053,0.000,-0.094,110.586,100.000,1.000,117.928,100.000,0.000,7.330,0.003,647.770,466.000,110.586,599.957,434.037,117.928,0.2467,7.9272,0,0,0.0000,0.0000
10.1880,steps,618.768,450.000,190.053,0.000,-0.051,110.530,100.000,1.000,116.846,100.000,0.000,6.344,0.008,647.777,466.001,110.530,601.627,434.367,116.846,0.2271,6.8453,0,0,0.0000,0.0000
10.2394,steps,618.768,450.000,190.053,0.000,-0.027,110.425,100.000,1.000,114.984,100.000,0.001,4.606,0.004,647.774,465.999,110.425,604.522,434.945,114.984,0.1924,4.9840,0,0,0.0000,0.0000
10.2907,steps,618.768,450.000,190.053,0.000,-0.015,110.296,100.000,1.000,111.565,100.000,0.473,2.658,0.002,647.777,465.999,110.296,607.797,435.600,111.565,0.1534,1.5652,0,0,0.0000,0.0000
10.3411,steps,618.768,450.000,190.053,0.000,-0.835,110.177,100.000,1.000,110.145,100.000,0.956,1.009,0.001,647.768,466.000,110.177,610.578,436.160,110.145,0.1203,0.1448,0,0,0.0000,0.0000
10.3914,steps,618.768,450.000,190.053,0.000,-0.924,110.108,100.000,1.000,110.100,100.000,1.000,0.102,0.001,647.769,466.000,110.108,612.097,436.465,110.100,0.1021,0.1000,0,0,0.0000,0.0000
10.4415,steps,618.768,450.000,190.053,0.000,-0.924,110.100,100.000,1.000,110.100,100.000,1.000,0.003,0.001,646.343,465.797,110.100,612.271,436.499,110.100,0.1005,0.1000,0,0,0.0000,0.0000
10.4923,steps,618.768,450.000,190.053,0.000,-0.722,110.102,100.000,1.000,110.101,100.000,1.000,0.007,0.006,641.396,465.091,110.102,612.269,436.499,110.101,0.1001,0.1001,0,0,0.0000,0.0000
10.5443,steps,618.768,450.000,190.053,0.000,-0.384,110.100,100.000,1.000,110.100,100.000,1.000,0.004,0.005,634.341,464.084,110.100,612.269,436.500,110.100,0.1001,0.1001,0,0,0.0000,0.0000
10.5959,steps,618.768,450.000,190.053,0.000,-0.203,110.102,100.000,1.000,110.100,100.000,1.000,0.007,0.003,627.601,463.120,110.102,612.265,436.502,110.100,0.1002,0.1000,0,0,0.0000,0.0000
10.6465,steps,618.768,450.000,190.053,0.000,-0.110,110.101,100.000,1.000,110.101,100.000,1.000,0.002,0.003,623.887,462.588,110.101,612.268,436.500,110.101,0.1000,0.1000,0,0,0.0000,0.0000
10.6978,steps,618.768,450.000,190.053,0.000,-0.059,110.100,100.000,1.000,110.100,100.000,1.000,0.003,0.002,623.279,462.502,110.100,612.269,436.500,110.100,0.1001,0.1000,0,0,0.0000,0.0000
10.7496,steps,618.768,450.000,190.053,0.000,-0.031,110.100,100.000,1.000,110.102,100.000,1.000,0.003,0.005,623.272,462.500,110.100,612.267,436.499,110.102,0.1001,0.1002,0,0,0.0000,0.0000
10.7998,steps,618.768,450.000,190.053,0.000,-0.017,110.104,100.000,1.000,110.102,100.000,1.000,0.011,0.007,623.267,462.497,110.104,612.266,436.498,110.102,0.1003,0.1002,0,0,0.0000,0.0000
10.8504,steps,618.768,450.000,190.053,0.000,-0.009,110.100,100.000,1.000,110.101,100.000,1.000,0.003,0.002,623.270,462.502,110.100,612.269,436.501,110.101,0.1000,0.1001,0,0,0.0000,0.0000
10.9012,steps,618.768,450.000,190.053,0.000,-0.005,110.101,100.000,1.000,110.101,100.000,1.000,0.008,0.008,623.268,462.502,110.101,612.269,436.501,110.101,0.1001,0.1002,0,0,0.0000,0.0000
10.9515,steps,618.768,450.000,190.053,0.000,-0.003,110.100,100.000,1.000,110.101,100.000,1.000,0.005,0.009,623.271,462.497,110.100,612.271,436.498,110.101,0.1001,0.1002,0,0,0.0000,0.0000
11.0098,steps,618.768,450.000,190.053,0.000,-0.001,110.101,100.000,1.000,110.100,100.000,1.000,0.002,0.003,623.267,462.496,110.101,612.264,436.495,110.100,0.1001,0.1000,0,0,0.0000,0.0000
11.0602,steps,618.768,450.000,190.053,0.000,-0.001,110.101,100.000,1.000,110.100,100.000,1.000,0.003,0.002,623.270,462.503,110.101,612.266,436.502,110.100,0.1001,0.1000,0,0,0.0000,0.0000
11.1117,steps,618.768,450.000,190.053,0.000,-0.000,110.100,100.000,1.000,110.101,100.000,1.000,0.002,0.007,623.269,462.502,110.100,612.270,436.502,110.101,0.1000,0.1002,0,0,0.0000,0.0000
11.1624,steps,618.768,450.000,190.053,0.000,-0.000,110.101,100.000,1.000,110.104,100.000,1.000,0.010,0.013,623.273,462.497,110.101,612.265,436.498,110.104,0.1002,0.1004,0,0,0.0000,0.0000
11.2140,steps,618.768,450.000,190.053,0.000,-0.000,110.100,100.000,1.000,110.100,100.000,1.000,0.002,0.001,623.268,462.503,110.100,612.267,436.503,110.100,0.1000,0.1000,0,0,0.0000,0.0000
11.2649,steps,618.768,450.000,190.053,0.000,0.000,110.100,100.000,1.000,110.102,100.000,1.000,0.003,0.007,623.274,462.502,110.100,612.266,436.500,110.102,0.1001,0.1002,0,0,0.0000,0.0000
11.3152,steps,618.768,450.000,190.053,0.000,0.000,110.102,100.000,1.000,110.101,100.000,1.000,0.006,0.005,623.265,462.496,110.102,612.267,436.496,110.101,0.1002,0.1001,0,0,0.0000,0.0000
11.3669,steps,618.768,450.000,190.053,0.000,0.000,110.101,100.000,1.000,110.101,100.000,1.000,0.006,0.005,623.268,462.503,110.101,612.267,436.500,110.101,0.1001,0.1001,0,0,0.0000,0.0000
11.4179,steps,618.768,450.000,190.053,0.000,0.000,110.100,100.000,1.000,110.100,100.000,1.000,0.002,0.003,623.269,462.503,110.100,612.272,436.503,110.100,0.1000,0.1000,0,0,0.0000,0.0000
11.4681,steps,618.768,450.000,190.053,0.000,0.000,110.101,100.000,1.000,110.103,100.000,1.000,0.006,0.008,623.272,462.503,110.101,612.266,436.500,110.103,0.1001,0.1002,0,0,0.0000,0.0000
11.5265,steps,618.768,450.000,190.053,0.000,0.000,110.102,100.000,1.000,110.100,100.000,1.000,0.005,0.003,623.270,462.500,110.102,612.268,436.499,110.100,0.1001,0.1001,0,0,0.0000,0.0000
11.5785,steps,618.768,450.000,190.053,0.000,0.000,110.102,100.000,1.000,110.101,100.000,1.000,0.007,0.007,623.267,462.500,110.102,612.268,436.500,110.101,0.1002,0.1001,0,0,0.0000,0.0000
11.6298,steps,618.768,450.000,190.053,0.000,0.000,110.100,100.000,1.000,110.100,100.000,1.000,0.002,0.002,623.265,462.496,110.100,612.269,436.497,110.100,0.1000,0.1001,0,0,0.0000,0.0000
11.6805,steps,618.768,450.000,190.053,0.000,0.000,110.100,100.000,1.000,110.103,100.000,1.000,0.001,0.009,623.271,462.498,110.100,612.269,436.498,110.103,0.1000,0.1003,0,0,0.0000,0.0000
11.7319,steps,618.768,450.000,190.053,0.000,-0.030,110.102,100.000,1.000,110.103,100.000,1.000,0.005,0.009,623.268,462.501,110.102,612.268,436.501,110.103,0.1002,0.1003,0,0,0.0000,0.0000
11.7855,steps,618.768,450.000,190.053,0.000,-0.089,110.100,100.000,1.000,110.101,100.000,1.000,0.001,0.004,623.267,462.500,110.100,612.267,436.499,110.101,0.1000,0.1001,0,0,0.0000,0.0000
11.8359,steps,618.768,450.000,190.053,0.000,-0.165,110.100,100.000,1.000,110.101,100.000,1.000,0.002,0.007,623.270,462.497,110.100,612.267,436.497,110.101,0.1000,0.1001,0,0,0.0000,0.0000
11.8931,steps,618.768,450.000,190.053,0.000,-0.228,110.101,100.000,1.000,110.100,100.000,1.000,0.002,0.001,623.267,462.499,110.101,612.269,436.499,110.100,0.1000,0.1000,0,0,0.0000,0.0000
11.9436,steps,618.768,450.000,190.053,0.000,-0.301,110.102,100.000,1.000,110.101,100.000,1.000,0.006,0.008,623.272,462.498,110.102,612.270,436.498,110.101,0.1002,0.1002,0,0,0.0000,0.0000
11.9938,steps,618.768,450.000,190.053,0.000,-0.351,110.104,100.000,1.000,110.100,100.000,1.000,0.012,0.002,623.265,462.502,110.104,612.266,436.502,110.100,0.1003,0.1000,0,0,0.0000,0.0000
