t,phase,actor_x,actor_y,actor_z,speed,pelvis_offset,left_ankle_z,left_ground_z,left_ik_weight,right_ankle_z,right_ground_z,right_ik_weight,left_sole_normal_error_deg,right_sole_normal_error_deg
0.2468,ramp,280.000,-350.000,90.000,0.000,0.000,10.000,0.000,0.000,10.000,0.000,0.000,0.000,0.000
0.3019,ramp,281.155,-350.000,90.000,41.976,0.000,10.000,0.000,1.000,10.000,0.000,1.000,0.011,0.588
0.4939,ramp,286.624,-350.000,90.000,114.257,0.000,10.000,0.000,1.000,11.476,0.000,0.477,0.034,7.221
0.5476,ramp,313.686,-350.000,90.000,150.000,0.000,10.000,0.000,1.000,19.078,0.000,0.000,0.005,11.140
0.6130,ramp,323.565,-350.000,90.000,150.000,0.000,10.000,0.000,1.000,19.963,0.000,0.000,0.003,9.017
0.6781,ramp,334.690,-350.000,90.000,150.000,0.000,10.000,0.000,1.000,11.251,0.000,0.530,0.080,7.885
0.7477,ramp,343.737,-350.000,90.000,150.000,0.000,10.000,0.000,1.000,10.000,0.000,1.000,0.083,2.376
0.7980,ramp,350.584,-350.000,90.000,150.000,-1.467,10.233,0.000,0.853,10.000,0.000,1.000,3.505,0.026
0.8637,ramp,362.298,-350.000,90.000,150.000,-0.624,18.827,0.000,0.000,10.000,0.000,1.000,12.739,0.005
0.9197,ramp,370.410,-350.000,90.000,150.000,-0.296,19.893,0.000,0.000,10.000,0.000,1.000,14.110,0.005
0.9858,ramp,380.442,-350.000,90.000,150.000,-0.126,16.289,0.000,0.000,10.000,0.000,1.000,10.415,0.003
1.0373,ramp,390.589,-350.000,98.966,150.000,-4.024,32.169,21.977,1.000,10.096,0.000,1.000,0.000,0.009
1.0891,ramp,398.409,-350.000,103.529,150.000,-13.021,32.183,21.990,1.000,10.105,0.000,1.000,0.006,0.011
1.1409,ramp,406.162,-350.000,106.351,150.000,-16.861,32.275,21.988,1.000,10.531,0.000,0.975,0.007,2.010
1.1917,ramp,413.793,-350.000,109.128,150.000,-12.302,32.207,21.994,1.000,34.507,0.000,0.000,0.008,8.790
1.2422,ramp,421.356,-350.000,111.881,150.000,-6.671,32.189,21.981,1.000,40.845,0.000,0.000,0.003,13.114
1.2935,ramp,429.064,-350.000,114.686,150.000,-3.709,32.183,21.976,1.000,44.755,25.156,0.000,0.003,6.001
1.3451,ramp,436.807,-350.000,117.505,150.000,-5.306,32.163,21.963,1.000,44.765,35.159,1.000,0.002,10.967
1.3952,ramp,444.344,-350.000,120.248,150.000,-6.099,32.135,21.958,1.000,51.269,41.450,1.000,0.005,5.137
1.4456,ramp,451.895,-350.000,122.996,150.000,-7.087,32.159,21.966,1.000,54.013,43.821,1.000,0.017,0.003
1.4969,ramp,459.592,-350.000,125.798,150.000,-13.701,32.172,21.975,1.000,54.020,43.815,1.000,0.003,0.001
1.5480,ramp,467.283,-350.000,128.597,150.000,-16.060,35.462,23.349,0.872,54.028,43.840,1.000,0.514,0.002
1.5994,ramp,474.957,-350.000,131.390,150.000,-10.527,57.497,28.463,0.000,54.004,43.806,1.000,10.300,0.008
1.6503,ramp,482.594,-350.000,134.170,150.000,-5.676,63.470,37.749,0.000,53.996,43.805,1.000,6.564,0.002
1.7005,ramp,490.108,-350.000,136.905,150.000,-3.351,66.849,48.474,0.000,54.010,43.811,1.000,6.151,0.002
1.7516,ramp,497.787,-350.000,139.700,150.000,-5.740,67.636,58.027,1.000,54.005,43.804,1.000,10.347,0.003
1.8018,ramp,505.211,-350.000,142.402,150.000,-6.038,73.709,63.751,1.000,54.011,43.807,1.000,4.333,0.008
1.8535,ramp,513.079,-350.000,145.265,150.000,-8.262,75.869,65.653,1.000,54.017,43.802,1.000,0.003,0.015
1.9047,ramp,520.610,-350.000,148.007,150.000,-14.062,75.890,65.699,1.000,54.060,43.887,1.000,0.004,0.100
1.9551,ramp,528.333,-350.000,150.818,150.000,-15.857,75.940,65.744,1.000,59.899,45.642,0.750,0.007,1.144
2.0053,ramp,535.825,-350.000,153.544,150.000,-9.825,75.916,65.670,1.000,79.857,51.211,0.000,0.010,9.820
2.0561,ramp,543.471,-350.000,156.327,150.000,-5.293,75.851,65.657,1.000,85.989,60.752,0.000,0.004,6.284
2.1074,ramp,551.184,-350.000,159.135,150.000,-3.241,75.868,65.647,1.000,88.455,71.763,0.000,0.005,6.511
2.1618,ramp,558.037,-350.000,161.629,150.000,-5.754,75.884,65.652,1.000,89.681,80.129,1.000,0.003,10.207
2.2134,ramp,567.080,-350.000,164.920,150.000,-5.512,75.830,65.632,1.000,96.350,86.383,1.000,0.004,2.517
2.2641,ramp,574.606,-350.000,167.659,150.000,-10.113,75.900,65.709,1.000,97.747,87.550,1.000,0.008,0.006
2.3153,ramp,582.366,-350.000,170.484,150.000,-14.707,75.931,65.755,1.000,97.688,87.487,1.000,0.317,0.011
2.3660,ramp,589.957,-350.000,173.247,150.000,-15.103,88.308,68.288,0.437,97.703,87.506,1.000,5.679,0.001
2.4174,ramp,597.647,-350.000,176.046,150.000,-8.467,103.196,75.105,0.000,97.687,87.485,1.000,8.694,0.007
2.4680,ramp,605.231,-350.000,178.806,150.000,-4.585,108.974,85.037,0.000,97.684,87.491,1.000,5.931,0.007
2.5194,ramp,612.951,-350.000,181.616,150.000,-3.528,110.317,95.972,0.000,97.693,87.491,1.000,7.118,0.007
2.5707,ramp,620.664,-350.000,184.423,150.000,-6.355,114.186,104.383,1.000,97.680,87.455,1.000,8.263,0.007
2.6215,ramp,628.309,-350.000,187.206,150.000,-5.629,118.701,108.736,1.000,97.722,87.509,1.000,1.428,0.004
2.6717,ramp,635.832,-350.000,189.944,150.000,-10.880,119.550,109.340,1.000,97.704,87.487,1.000,0.009,0.009
2.7224,ramp,643.445,-350.000,192.715,150.000,-15.074,119.545,109.343,1.000,97.835,87.659,1.000,0.007,0.438
2.7726,ramp,650.903,-350.000,195.429,135.803,-14.435,119.528,109.529,1.000,112.166,90.643,0.359,0.005,6.871
2.8237,ramp,653.722,-350.000,196.455,0.000,-9.000,121.204,111.309,1.000,119.950,93.280,0.050,0.711,11.906
2.8745,ramp,653.722,-350.000,196.455,0.000,-4.857,123.542,113.724,1.000,124.033,96.501,0.000,4.699,16.501
2.9261,ramp,653.722,-350.000,196.455,0.000,-2.606,125.026,115.046,1.000,124.557,97.625,0.000,7.309,19.817
2.9761,ramp,653.722,-350.000,196.455,0.000,-1.407,125.093,115.093,1.000,123.684,98.050,0.000,6.743,19.997
3.0266,ramp,653.722,-350.000,196.455,0.000,-0.760,125.092,115.092,1.000,122.025,98.990,0.000,5.197,19.994
3.0780,ramp,653.722,-350.000,196.455,0.000,-0.407,125.091,115.093,1.000,117.710,100.110,0.233,3.367,15.344
3.1292,ramp,653.722,-350.000,196.455,0.000,-0.219,125.095,115.093,1.000,112.103,101.287,0.868,1.444,2.645
3.1806,ramp,653.722,-350.000,196.455,0.000,-0.117,125.089,115.089,1.000,111.978,102.004,1.000,0.270,0.004
3.2322,ramp,653.722,-350.000,196.455,0.000,-0.063,124.892,114.867,1.000,112.168,102.169,1.000,0.002,0.001
3.2840,ramp,653.722,-350.000,196.455,0.000,-0.364,123.425,113.273,1.000,112.170,102.170,1.000,0.009,0.004
3.3346,ramp,653.722,-350.000,196.455,0.000,-1.491,121.056,110.878,1.000,112.168,102.168,1.000,0.004,0.008
3.3850,ramp,653.722,-350.000,196.455,0.000,-2.654,118.566,108.411,1.000,112.170,102.169,1.000,0.003,0.003
3.4358,ramp,653.722,-350.000,196.455,0.000,-3.528,116.726,106.576,1.000,112.168,102.168,1.000,0.005,0.005
3.4864,ramp,653.722,-350.000,196.455,0.000,-3.758,116.191,106.191,1.000,112.169,102.168,1.000,0.002,0.002
3.5371,ramp,653.722,-350.000,196.455,0.000,-4.274,116.185,106.185,1.000,112.166,102.166,1.000,0.004,0.006
3.5879,ramp,653.722,-350.000,196.455,0.000,-4.833,116.175,106.174,1.000,112.166,102.167,1.000,0.012,0.003
3.6396,ramp,653.722,-350.000,196.455,0.000,-4.917,116.173,106.173,1.000,112.168,102.168,1.000,0.013,0.002
3.6905,ramp,653.722,-350.000,196.455,0.000,-4.920,116.172,106.172,1.000,112.168,102.168,1.000,0.016,0.006
3.7407,ramp,653.722,-350.000,196.455,0.000,-4.919,116.172,106.172,1.000,112.170,102.170,1.000,0.006,0.003
3.7922,ramp,653.722,-350.000,196.455,0.000,-4.914,116.174,106.174,1.000,112.168,102.169,1.000,0.004,0.002
3.8438,ramp,653.722,-350.000,196.455,0.000,-4.904,116.173,106.173,1.000,112.169,102.168,1.000,0.014,0.002
3.8945,ramp,653.722,-350.000,196.455,0.000,-4.888,116.172,106.172,1.000,112.170,102.170,1.000,0.012,0.003
3.9447,ramp,653.722,-350.000,196.455,0.000,-4.865,116.172,106.173,1.000,112.170,102.170,1.000,0.009,0.009
3.9957,ramp,653.722,-350.000,196.455,0.000,-4.841,116.172,106.172,1.000,112.168,102.168,1.000,0.005,0.011
4.0470,ramp,653.722,-350.000,196.455,0.000,-4.798,116.171,106.171,1.000,112.170,102.170,1.000,0.015,0.006
4.0976,ramp,653.722,-350.000,196.455,0.000,-4.759,116.173,106.173,1.000,112.169,102.169,1.000,0.016,0.012
4.1484,ramp,653.722,-350.000,196.455,0.000,-4.711,116.172,106.172,1.000,112.169,102.169,1.000,0.021,0.020
4.1992,ramp,653.722,-350.000,196.455,0.000,-4.659,116.173,106.172,1.000,112.168,102.168,1.000,0.014,0.014
4.2507,ramp,653.722,-350.000,196.455,0.000,-4.601,116.171,106.171,1.000,112.170,102.170,1.000,0.005,0.010
4.3009,ramp,653.722,-350.000,196.455,0.000,-4.542,116.172,106.172,1.000,112.169,102.169,1.000,0.006,0.007
4.3510,ramp,653.722,-350.000,196.455,0.000,-4.480,116.172,106.172,1.000,112.168,102.168,1.000,0.005,0.018
4.4012,ramp,653.722,-350.000,196.455,0.000,-4.414,116.173,106.173,1.000,112.169,102.169,1.000,0.005,0.009
4.4518,ramp,653.722,-350.000,196.455,0.000,-4.349,116.173,106.173,1.000,112.169,102.169,1.000,0.007,0.005
4.5032,ramp,653.722,-350.000,196.455,0.000,-4.280,116.172,106.172,1.000,112.169,102.169,1.000,0.003,0.003
4.5537,ramp,653.722,-350.000,196.455,0.000,-4.212,116.171,106.172,1.000,112.169,102.169,1.000,0.012,0.010
4.6052,ramp,653.722,-350.000,196.455,0.000,-4.145,116.173,106.173,1.000,112.170,102.170,1.000,0.009,0.003
4.6554,ramp,653.722,-350.000,196.455,0.000,-4.082,116.172,106.172,1.000,112.170,102.169,1.000,0.009,0.012
4.7068,ramp,653.722,-350.000,196.455,0.000,-4.021,116.172,106.172,1.000,112.168,102.168,1.000,0.005,0.008
4.7568,ramp,653.722,-350.000,196.455,0.000,-3.965,116.173,106.173,1.000,112.169,102.169,1.000,0.009,0.002
4.8085,ramp,653.722,-350.000,196.455,0.000,-3.912,116.172,106.172,1.000,112.169,102.169,1.000,0.013,0.007
4.8591,ramp,653.722,-350.000,196.455,0.000,-3.866,116.172,106.172,1.000,112.167,102.167,1.000,0.007,0.004
4.9098,ramp,653.722,-350.000,196.455,0.000,-3.826,116.173,106.173,1.000,112.169,102.169,1.000,0.007,0.002
4.9609,ramp,653.722,-350.000,196.455,0.000,-3.791,116.173,106.173,1.000,112.169,102.169,1.000,0.006,0.004
5.1312,ramp,653.722,-350.000,196.455,0.000,-3.767,116.173,106.173,1.000,112.169,102.168,1.000,0.004,0.004
5.1828,ramp,653.722,-350.000,196.455,0.000,-3.729,116.172,106.172,1.000,112.169,102.170,1.000,0.002,0.010
5.2341,ramp,653.722,-350.000,196.455,0.000,-3.750,116.174,106.174,1.000,112.169,102.168,1.000,0.008,0.006
5.2846,ramp,653.722,-350.000,196.455,0.000,-3.776,116.171,106.171,1.000,112.167,102.167,1.000,0.002,0.008
5.3363,ramp,653.722,-350.000,196.455,0.000,-3.811,116.174,106.174,1.000,112.169,102.169,1.000,0.004,0.004
5.3880,ramp,653.722,-350.000,196.455,0.000,-3.850,116.171,106.171,1.000,112.169,102.169,1.000,0.008,0.006
5.4381,ramp,653.722,-350.000,196.455,0.000,-3.898,116.172,106.172,1.000,112.168,102.168,1.000,0.002,0.002
5.4885,ramp,653.722,-350.000,196.455,0.000,-3.947,116.173,106.173,1.000,112.169,102.170,1.000,0.005,0.004
5.5391,ramp,653.722,-350.000,196.455,0.000,-4.005,116.173,106.174,1.000,112.169,102.169,1.000,0.005,0.004
5.5895,ramp,653.722,-350.000,196.455,0.000,-4.065,116.172,106.172,1.000,112.169,102.169,1.000,0.006,0.003
5.6406,ramp,653.722,-350.000,196.455,0.000,-4.133,116.173,106.173,1.000,112.169,102.169,1.000,0.007,0.005
5.6922,ramp,653.722,-350.000,196.455,0.000,-4.198,116.172,106.172,1.000,112.170,102.169,1.000,0.002,0.009
5.7437,ramp,653.722,-350.000,196.455,0.000,-4.263,116.172,106.173,1.000,112.169,102.169,1.000,0.004,0.006
5.7941,ramp,653.722,-350.000,196.455,0.000,-4.338,116.173,106.173,1.000,112.169,102.169,1.000,0.003,0.011
5.8463,ramp,653.722,-350.000,196.455,0.000,-4.403,116.171,106.171,1.000,112.168,102.168,1.000,0.001,0.007
5.8970,ramp,653.722,-350.000,196.455,0.000,-4.469,116.174,106.174,1.000,112.168,102.168,1.000,0.001,0.004
5.9477,ramp,653.722,-350.000,196.455,0.000,-4.533,116.173,106.173,1.000,112.169,102.170,1.000,0.002,0.002
5.9987,ramp,653.722,-350.000,196.455,0.000,-4.599,116.172,106.173,1.000,112.169,102.169,1.000,0.005,0.004
6.0488,ramp,653.722,-350.000,196.455,0.000,-4.654,116.173,106.173,1.000,112.169,102.169,1.000,0.005,0.009
6.1002,ramp,653.722,-350.000,196.455,0.000,-4.706,116.171,106.171,1.000,112.168,102.169,1.000,0.009,0.002
6.1507,ramp,653.722,-350.000,196.455,0.000,-4.756,116.171,106.171,1.000,112.169,102.169,1.000,0.009,0.001
6.2021,ramp,653.722,-350.000,196.455,0.000,-4.802,116.172,106.172,1.000,112.169,102.169,1.000,0.013,0.003
6.2537,ramp,653.722,-350.000,196.455,0.000,-4.838,116.173,106.173,1.000,112.170,102.170,1.000,0.005,0.002
6.3039,ramp,653.722,-350.000,196.455,0.000,-4.870,116.172,106.172,1.000,112.168,102.168,1.000,0.006,0.004
6.3543,ramp,653.722,-350.000,196.455,0.000,-4.892,116.173,106.173,1.000,112.169,102.169,1.000,0.012,0.002
6.4052,ramp,653.722,-350.000,196.455,0.000,-4.910,116.173,106.173,1.000,112.168,102.168,1.000,0.014,0.002
6.4555,ramp,653.722,-350.000,196.455,0.000,-4.920,116.173,106.173,1.000,112.167,102.167,1.000,0.014,0.005
6.5059,ramp,653.722,-350.000,196.455,0.000,-4.920,116.172,106.172,1.000,112.168,102.168,1.000,0.016,0.004
6.5562,ramp,653.722,-350.000,196.455,0.000,-4.918,116.172,106.172,1.000,112.171,102.171,1.000,0.011,0.004
6.6074,ramp,653.722,-350.000,196.455,0.000,-4.912,116.173,106.173,1.000,112.169,102.170,1.000,0.001,0.003
6.6582,ramp,653.722,-350.000,196.455,0.000,-4.900,116.173,106.173,1.000,112.168,102.169,1.000,0.013,0.000
6.7093,ramp,653.722,-350.000,196.455,0.000,-4.882,116.171,106.171,1.000,112.170,102.169,1.000,0.011,0.003
6.7598,ramp,653.722,-350.000,196.455,0.000,-4.857,116.173,106.173,1.000,112.170,102.169,1.000,0.007,0.011
6.8112,ramp,653.722,-350.000,196.455,0.000,-4.825,116.173,106.173,1.000,112.170,102.170,1.000,0.008,0.011
6.8616,ramp,653.722,-350.000,196.455,0.000,-4.787,116.171,106.171,1.000,112.169,102.169,1.000,0.004,0.003
6.9124,ramp,653.722,-350.000,196.455,0.000,-4.746,116.173,106.173,1.000,112.170,102.170,1.000,0.015,0.017
6.9629,ramp,653.722,-350.000,196.455,0.000,-4.697,116.172,106.173,1.000,112.169,102.168,1.000,0.006,0.019
7.0144,steps,180.103,450.000,90.000,14.713,-4.050,10.000,0.000,1.000,10.000,0.000,1.000,0.013,0.014
7.0654,steps,182.457,450.000,90.000,75.741,-2.213,10.000,0.000,1.000,10.000,0.000,1.000,0.019,0.035
7.1154,steps,187.782,450.000,90.000,135.599,-1.208,10.000,0.000,1.000,10.000,0.000,1.000,0.017,0.030
7.1664,steps,195.383,450.000,90.000,150.000,-0.649,10.000,0.000,1.000,10.000,0.000,1.000,0.005,0.323
7.2171,steps,203.004,450.000,90.000,150.000,-0.351,10.000,0.000,1.000,10.316,0.000,0.817,0.006,3.002
7.2685,steps,210.699,450.000,90.000,150.000,-0.187,10.000,0.000,1.000,13.738,0.000,0.096,0.006,7.119
7.3188,steps,218.259,450.000,90.000,150.000,-0.101,10.000,0.000,1.000,16.415,0.000,0.000,0.005,11.067
7.3700,steps,225.912,450.000,90.000,150.000,-0.055,10.000,0.000,1.000,17.884,0.000,0.000,0.004,13.538
7.4214,steps,233.648,450.000,94.487,150.000,-0.029,10.473,20.000,1.000,22.661,0.000,0.000,0.002,13.315
7.4720,steps,241.180,450.000,103.512,150.000,-0.016,30.446,20.000,1.000,32.245,0.000,0.000,0.005,11.958
7.5221,steps,248.701,450.000,107.727,150.000,-0.009,30.000,20.000,1.000,37.168,0.000,0.000,0.015,10.260
7.5722,steps,256.238,450.000,109.757,150.000,-0.005,30.000,20.000,1.000,39.754,0.000,0.000,0.003,8.938
7.6222,steps,263.731,450.000,110.015,150.000,-0.101,30.000,20.000,1.000,38.719,0.000,0.000,0.343,8.346
7.6726,steps,271.285,450.000,110.015,150.000,-14.241,30.000,20.000,1.000,10.759,0.000,0.964,6.599,4.390
7.7232,steps,278.887,450.000,110.015,150.000,-10.221,38.624,20.000,0.000,30.000,20.000,1.000,13.415,0.407
7.7736,steps,286.469,450.000,110.015,150.000,-5.542,37.167,20.000,0.000,30.000,20.000,1.000,11.315,0.001
7.8238,steps,294.003,450.000,110.015,150.000,-3.150,31.683,20.000,0.433,30.000,20.000,1.000,5.556,0.019
7.8744,steps,301.614,450.000,110.015,150.000,-2.070,30.000,20.000,1.000,30.000,20.000,1.000,0.001,0.014
7.9257,steps,309.213,450.000,110.015,150.000,-1.136,30.000,20.000,1.000,30.000,20.000,1.000,0.003,0.009
7.9769,steps,316.954,450.000,119.356,150.000,-9.626,30.313,20.000,1.000,31.111,20.000,0.923,0.007,2.623
8.0284,steps,324.665,450.000,125.761,150.000,-14.916,30.000,20.000,1.000,51.681,20.000,0.000,0.010,9.381
8.0799,steps,332.401,450.000,128.961,150.000,-17.277,30.000,20.000,1.000,58.158,20.000,0.000,0.004,13.407
8.1310,steps,340.096,450.000,130.064,150.000,-18.951,30.000,20.000,1.000,60.121,40.000,0.000,0.003,13.969
8.1824,steps,347.791,450.000,130.064,150.000,-20.056,30.000,20.000,1.000,56.317,40.000,0.000,0.003,10.449
8.2325,steps,355.304,450.000,130.064,150.000,-19.247,30.000,20.000,1.000,50.724,40.000,0.680,0.005,4.389
8.2841,steps,363.009,450.000,130.064,150.000,-17.520,30.000,20.000,1.000,50.000,40.000,1.000,0.018,0.004
8.3346,steps,370.618,450.000,130.064,150.000,-20.178,30.000,20.000,1.000,50.000,40.000,1.000,0.096,0.006
8.3847,steps,378.145,450.000,130.064,150.000,-18.883,50.453,40.000,0.770,50.000,40.000,1.000,3.763,0.002
8.4349,steps,385.660,450.000,130.064,150.000,-10.487,56.272,40.000,0.000,50.000,40.000,1.000,10.064,0.007
8.4865,steps,393.374,450.000,133.973,150.000,-5.683,63.512,40.000,0.000,50.549,40.000,1.000,13.690,0.004
8.5374,steps,401.048,450.000,143.182,150.000,-12.318,72.666,40.000,0.000,50.000,40.000,1.000,13.651,0.005
8.5888,steps,408.720,450.000,147.948,150.000,-17.687,73.886,60.000,0.000,50.326,40.000,1.000,9.844,0.005
8.6390,steps,416.271,450.000,149.763,150.000,-17.683,70.281,60.000,0.813,50.000,40.000,1.000,3.470,0.007
8.6902,steps,423.961,450.000,150.028,150.000,-17.569,70.000,60.000,1.000,50.000,40.000,1.000,0.004,0.012
8.7403,steps,431.481,450.000,150.028,150.000,-20.158,70.000,60.000,1.000,50.000,40.000,1.000,0.007,0.195
8.7915,steps,439.160,450.000,150.028,150.000,-20.015,70.000,60.000,1.000,58.957,40.000,0.601,0.006,4.741
8.8423,steps,446.664,450.000,150.028,150.000,-11.934,70.000,60.000,1.000,76.621,40.000,0.000,0.009,10.668
8.8931,steps,454.364,450.000,150.028,150.000,-6.402,70.000,60.000,1.000,80.088,60.000,0.000,0.004,14.028
8.9431,steps,461.894,450.000,150.028,150.000,-3.457,70.000,60.000,1.000,79.103,60.000,0.000,0.006,13.353
8.9943,steps,469.574,450.000,150.028,150.000,-1.868,70.000,60.000,1.000,75.750,80.000,0.000,0.003,9.289
9.0452,steps,477.215,450.000,159.665,150.000,-4.569,70.301,60.000,1.000,90.301,80.000,1.000,0.004,2.535
9.0964,steps,484.884,450.000,166.063,150.000,-14.317,70.322,60.000,1.000,90.322,80.000,1.000,0.006,0.006
9.1472,steps,492.505,450.000,168.984,150.000,-19.137,70.000,60.000,1.000,90.000,80.000,1.000,0.313,0.011
9.1974,steps,500.028,450.000,170.095,150.000,-19.276,82.797,60.000,0.444,90.000,80.000,1.000,5.562,0.001
9.2490,steps,507.792,450.000,170.095,150.000,-10.807,97.243,60.000,0.000,90.000,80.000,1.000,11.348,0.007
9.2994,steps,515.354,450.000,170.095,150.000,-5.862,100.274,80.000,0.000,90.000,80.000,1.000,14.140,0.007
9.3500,steps,522.943,450.000,170.095,150.000,-3.173,98.833,80.000,0.000,90.000,80.000,1.000,12.983,0.007
9.4003,steps,530.494,450.000,170.095,150.000,-1.772,95.344,80.000,0.000,90.000,80.000,1.000,8.557,0.005
9.4511,steps,538.112,450.000,170.095,150.000,-1.621,90.014,80.000,0.985,90.000,80.000,1.000,1.654,0.004
9.5028,steps,545.856,450.000,170.095,150.000,-0.970,90.000,80.000,1.000,90.000,80.000,1.000,0.009,0.008
9.5548,steps,553.607,450.000,174.412,150.000,-3.995,90.610,80.000,1.000,90.610,80.000,1.000,0.007,0.436
9.6066,steps,561.401,450.000,183.689,150.000,-10.944,90.393,80.000,1.000,103.866,80.000,0.207,0.005,6.699
9.6577,steps,569.060,450.000,188.084,150.000,-16.353,90.324,80.000,1.000,116.199,80.000,0.000,0.006,12.110
9.7092,steps,576.813,450.000,189.816,150.000,-18.284,90.000,80.000,1.000,119.722,80.000,0.000,0.003,14.126
9.7596,steps,584.393,450.000,190.072,150.000,-19.815,90.000,80.000,1.000,118.628,100.000,0.000,0.003,12.585
9.8104,steps,591.997,450.000,190.072,150.000,-19.997,90.000,80.000,1.000,113.979,100.000,0.077,0.013,7.251
9.8612,steps,599.619,450.000,190.072,150.000,-18.046,90.000,80.000,1.000,110.000,100.000,1.000,0.002,0.196
9.9125,steps,607.289,450.000,190.072,150.000,-19.349,90.000,80.000,1.000,110.000,100.000,1.000,0.012,0.013
9.9632,steps,614.931,450.000,190.072,150.000,-20.373,90.000,80.000,1.000,110.000,100.000,1.000,0.667,0.004
10.0133,steps,618.711,450.000,190.072,13.741,-13.430,110.000,100.000,1.000,110.032,100.000,0.969,1.219,2.305
10.0637,steps,618.729,450.000,190.072,0.000,-7.289,110.000,100.000,1.000,116.315,100.000,0.000,4.346,3.198
10.1150,steps,618.729,450.000,190.072,0.000,-3.903,110.000,100.000,1.000,118.308,100.000,0.000,7.228,0.350
10.1652,steps,618.729,450.000,190.072,0.000,-2.124,110.000,100.000,1.000,117.537,100.000,0.000,6.955,0.002
10.2158,steps,618.729,450.000,190.072,0.000,-1.151,110.000,100.000,1.000,115.968,100.000,0.000,5.510,0.007
10.2666,steps,618.729,450.000,190.072,0.000,-0.622,110.000,100.000,1.000,113.364,100.000,0.152,3.631,0.004
10.3179,steps,618.729,450.000,190.072,0.000,-0.743,110.000,100.000,1.000,110.416,100.000,0.784,1.755,0.001
10.3698,steps,618.729,450.000,190.072,0.000,-1.049,110.000,100.000,1.000,110.000,100.000,1.000,0.384,0.006
10.4203,steps,618.729,450.000,190.072,0.000,-1.050,110.000,100.000,1.000,110.000,100.000,1.000,0.007,0.000
10.4732,steps,618.729,450.000,190.072,0.000,-0.986,110.000,100.000,1.000,110.000,100.000,1.000,0.010,0.002
10.5247,steps,618.729,450.000,190.072,0.000,-0.582,110.000,100.000,1.000,110.000,100.000,1.000,0.002,0.008
10.5757,steps,618.729,450.000,190.072,0.000,-0.313,110.000,100.000,1.000,110.000,100.000,1.000,0.001,0.002
10.6270,steps,618.729,450.000,190.072,0.000,-0.168,110.000,100.000,1.000,110.000,100.000,1.000,0.006,0.003
10.6782,steps,618.729,450.000,190.072,0.000,-0.090,110.000,100.000,1.000,110.000,100.000,1.000,0.003,0.001
10.7285,steps,618.729,450.000,190.072,0.000,-0.049,110.000,100.000,1.000,110.000,100.000,1.000,0.006,0.003
10.7798,steps,618.729,450.000,190.072,0.000,-0.026,110.000,100.000,1.000,110.000,100.000,1.000,0.007,0.004
10.8305,steps,618.729,450.000,190.072,0.000,-0.014,110.000,100.000,1.000,110.000,100.000,1.000,0.006,0.003
10.8818,steps,618.729,450.000,190.072,0.000,-0.008,110.000,100.000,1.000,110.000,100.000,1.000,0.006,0.005
10.9320,steps,618.729,450.000,190.072,0.000,-0.004,110.000,100.000,1.000,110.000,100.000,1.000,0.003,0.005
10.9835,steps,618.729,450.000,190.072,0.000,-0.002,110.000,100.000,1.000,110.000,100.000,1.000,0.003,0.007
11.0343,steps,618.729,450.000,190.072,0.000,-0.001,110.000,100.000,1.000,110.000,100.000,1.000,0.003,0.004
11.0860,steps,618.729,450.000,190.072,0.000,-0.001,110.000,100.000,1.000,110.000,100.000,1.000,0.002,0.007
11.1373,steps,618.729,450.000,190.072,0.000,-0.000,110.000,100.000,1.000,110.000,100.000,1.000,0.006,0.003
11.1875,steps,618.729,450.000,190.072,0.000,-0.000,110.000,100.000,1.000,110.000,100.000,1.000,0.004,0.010
11.2391,steps,618.729,450.000,190.072,0.000,-0.000,110.000,100.000,1.000,110.000,100.000,1.000,0.005,0.009
11.2894,steps,618.729,450.000,190.072,0.000,0.000,110.000,100.000,1.000,110.000,100.000,1.000,0.005,0.006
11.3402,steps,618.729,450.000,190.072,0.000,0.000,110.000,100.000,1.000,110.000,100.000,1.000,0.003,0.002
11.3923,steps,618.729,450.000,190.072,0.000,0.000,110.000,100.000,1.000,110.000,100.000,1.000,0.006,0.003
11.4438,steps,618.729,450.000,190.072,0.000,0.000,110.000,100.000,1.000,110.000,100.000,1.000,0.002,0.002
11.4938,steps,618.729,450.000,190.072,0.000,0.000,110.000,100.000,1.000,110.000,100.000,1.000,0.004,0.006
11.5447,steps,618.729,450.000,190.072,0.000,0.000,110.000,100.000,1.000,110.000,100.000,1.000,0.005,0.007
11.5951,steps,618.729,450.000,190.072,0.000,0.000,110.000,100.000,1.000,110.000,100.000,1.000,0.005,0.011
11.6459,steps,618.729,450.000,190.072,0.000,-0.028,110.000,100.000,1.000,110.000,100.000,1.000,0.001,0.004
11.6970,steps,618.729,450.000,190.072,0.000,-0.102,110.000,100.000,1.000,110.000,100.000,1.000,0.005,0.011
11.7479,steps,618.729,450.000,190.072,0.000,-0.167,110.000,100.000,1.000,110.000,100.000,1.000,0.002,0.008
11.8000,steps,618.729,450.000,190.072,0.000,-0.223,110.000,100.000,1.000,110.000,100.000,1.000,0.001,0.003
11.8512,steps,618.729,450.000,190.072,0.000,-0.299,110.000,100.000,1.000,110.000,100.000,1.000,0.002,0.003
11.9025,steps,618.729,450.000,190.072,0.000,-0.366,110.000,100.000,1.000,110.000,100.000,1.000,0.004,0.002
11.9540,steps,618.729,450.000,190.072,0.000,-0.427,110.000,100.000,1.000,110.000,100.000,1.000,0.005,0.008
