t,phase,actor_x,actor_y,actor_z,speed,pelvis_offset,left_ankle_z,left_ground_z,left_ik_weight,right_ankle_z,right_ground_z,right_ik_weight,left_sole_normal_error_deg,right_sole_normal_error_deg,left_foot_x,left_foot_y,left_foot_z,right_foot_x,right_foot_y,right_foot_z,left_boot_clearance_min_cm,right_boot_clearance_min_cm,left_boot_inside_step_vertices,right_boot_inside_step_vertices,left_boot_step_penetration_max_cm,right_boot_step_penetration_max_cm,left_stance_weight,right_stance_weight,body_id,body_t,base_id,gait_phase
0.1588,ramp,280.000,-350.000,90.000,0.000,0.000,10.101,0.000,1.000,10.101,0.000,1.000,0.006,0.010,284.503,-337.504,10.101,273.507,-363.502,10.101,0.1001,0.1002,0,0,0.0000,0.0000,1.0000,1.0000,start_f,0.1588,idle_combat,0.00000
0.2422,ramp,286.261,-350.000,90.000,100.088,-0.062,10.101,0.000,1.000,10.101,0.000,1.000,0.006,0.010,284.503,-337.504,10.101,273.507,-363.502,10.101,0.1001,0.1002,0,0,0.0000,0.0000,1.0000,1.0000,start_f,0.1588,idle_combat,0.32920
0.4747,ramp,320.387,-350.000,90.000,150.000,-1.286,11.247,0.000,0.603,10.101,0.000,1.000,5.164,0.006,285.194,-338.473,11.247,337.169,-361.540,10.101,0.9903,0.1001,0,0,0.0000,0.0000,0.6026,1.0000,start_f,0.2859,walk_f,0.66576
0.5373,ramp,329.780,-350.000,90.000,150.000,-0.498,18.157,0.000,0.000,10.102,0.000,1.000,12.151,0.006,307.712,-338.493,18.157,337.169,-361.540,10.102,7.6855,0.1002,0,0,0.0000,0.0000,0.0000,1.0000,start_f,0.5373,walk_f,0.74404
0.5973,ramp,338.772,-350.000,90.000,150.000,-0.215,19.897,0.000,0.000,10.100,0.000,1.000,14.086,0.004,341.996,-338.529,19.897,337.169,-361.540,10.100,9.3940,0.1001,0,0,0.0000,0.0000,0.0000,1.0000,start_f,0.5973,walk_f,0.81897
0.6518,ramp,346.948,-350.000,90.000,150.000,-0.103,17.254,0.000,0.000,10.100,0.000,1.000,11.400,0.001,371.858,-338.559,17.254,337.687,-361.499,10.100,6.7973,0.1000,0,0,0.0000,0.0000,0.0000,1.0000,none,0.6000,walk_f,0.88710
0.7118,ramp,355.952,-350.000,90.000,150.000,-0.361,25.439,0.000,1.000,10.103,0.000,1.000,4.390,0.008,392.400,-338.500,25.439,337.677,-361.500,10.103,0.8487,0.1002,0,0,0.0000,0.0000,0.6780,1.0000,none,0.6000,walk_f,0.96213
0.7878,ramp,367.354,-350.000,90.000,150.000,-0.126,28.569,0.000,1.000,10.101,0.000,1.000,0.010,0.011,397.727,-338.517,28.569,337.675,-361.503,10.101,0.9423,0.1003,0,0,0.0000,0.0000,1.0000,1.0000,none,0.6000,walk_f,0.05715
0.8545,ramp,377.348,-350.000,90.000,150.000,-0.918,28.583,0.000,1.000,10.320,0.000,0.947,0.007,2.366,397.749,-338.498,28.583,340.570,-361.501,10.320,0.9430,0.1922,0,0,0.0000,0.0000,1.0000,0.9474,none,0.6000,walk_f,0.14043
0.9172,ramp,386.753,-350.000,95.357,150.000,-0.749,28.558,0.000,1.000,21.727,0.000,0.000,0.010,10.321,397.696,-338.505,28.558,358.503,-361.514,21.727,0.9425,11.2957,0,0,0.0000,0.0000,1.0000,0.0000,none,0.6000,walk_f,0.21881
0.9738,ramp,395.241,-350.000,102.191,150.000,-0.355,28.561,0.000,1.000,32.371,0.000,0.000,0.004,14.093,397.697,-338.500,28.561,387.869,-361.500,32.371,0.9426,21.8686,0,0,0.0000,0.0000,1.0000,0.0000,none,0.6000,walk_f,0.28954
1.0243,ramp,402.825,-350.000,105.217,150.000,-0.191,28.568,0.000,1.000,34.189,18.566,0.000,0.006,6.789,397.708,-338.498,28.568,417.526,-361.429,34.189,0.9430,2.6716,0,0,0.0000,0.0000,1.0000,0.0000,none,0.6000,walk_f,0.35274
1.0747,ramp,410.388,-350.000,107.969,150.000,-0.104,28.562,0.000,1.000,41.798,27.439,1.000,0.003,10.840,397.696,-338.500,28.562,441.904,-361.495,41.798,0.9428,0.4564,0,0,0.0000,0.0000,1.0000,0.0000,none,0.6000,walk_f,0.41577
1.1261,ramp,418.087,-350.000,110.771,150.000,-0.056,28.545,0.000,1.000,43.005,32.165,1.000,0.004,1.141,397.655,-338.498,28.545,454.889,-361.500,43.005,0.9426,0.1254,0,0,0.0000,0.0000,1.0000,0.9402,none,0.6000,walk_f,0.47992
1.1770,ramp,425.726,-350.000,113.552,150.000,-3.617,28.560,0.000,1.000,43.933,33.191,1.000,0.006,0.008,397.695,-338.498,28.560,457.706,-361.497,43.933,0.9427,0.1002,0,0,0.0000,0.0000,1.0000,1.0000,none,0.6000,walk_f,0.54358
1.2275,ramp,433.304,-350.000,116.310,150.000,-7.876,28.592,0.000,1.000,43.935,33.192,1.000,0.330,0.011,398.018,-338.498,28.592,457.710,-361.485,43.935,0.9358,0.1003,0,0,0.0000,0.0000,1.0000,1.0000,none,0.6000,walk_f,0.60673
1.2780,ramp,440.881,-350.000,119.068,150.000,-9.059,37.032,0.000,0.409,43.939,33.196,1.000,5.716,0.002,405.215,-338.499,37.032,457.722,-361.502,43.939,8.1214,0.1001,0,0,0.0000,0.0000,0.4091,1.0000,none,0.6000,walk_f,0.66988
1.3284,ramp,448.444,-350.000,121.820,150.000,-5.126,48.962,20.789,0.000,43.929,33.185,1.000,8.702,0.007,423.634,-338.483,48.962,457.691,-361.494,43.929,14.8660,0.1002,0,0,0.0000,0.0000,0.0000,1.0000,none,0.6000,walk_f,0.73290
1.3788,ramp,455.996,-350.000,124.569,150.000,-2.782,54.747,30.679,0.000,43.930,33.188,1.000,5.930,0.007,450.805,-338.511,54.747,457.699,-361.500,43.930,11.5719,0.1002,0,0,0.0000,0.0000,0.0000,1.0000,none,0.6000,walk_f,0.79583
1.4289,ramp,463.509,-350.000,127.304,150.000,-2.919,56.065,41.332,0.000,43.931,33.188,1.000,7.031,0.007,480.075,-338.568,56.065,457.700,-361.502,43.931,1.9127,0.1001,0,0,0.0000,0.0000,0.0000,1.0000,none,0.6000,walk_f,0.85844
1.4800,ramp,471.171,-350.000,130.093,150.000,-5.964,64.421,49.864,1.000,43.910,33.167,1.000,11.489,0.005,503.517,-338.504,64.421,457.640,-361.504,43.910,0.4767,0.1001,0,0,0.0000,0.0000,0.0000,1.0000,none,0.6000,walk_f,0.92229
1.5324,ramp,479.033,-350.000,132.954,150.000,-5.197,65.251,54.405,1.000,43.914,33.171,1.000,1.287,0.004,515.991,-338.500,65.251,457.653,-361.500,43.914,0.1276,0.1001,0,0,0.0000,0.0000,0.9937,1.0000,none,0.6000,walk_f,0.98780
1.5825,ramp,486.547,-350.000,135.689,150.000,-10.376,65.776,55.034,1.000,43.925,33.182,1.000,0.009,0.008,517.719,-338.512,65.776,457.682,-361.502,43.925,0.1002,0.1002,0,0,0.0000,0.0000,1.0000,1.0000,none,0.6000,walk_f,0.05043
1.6333,ramp,494.174,-350.000,138.465,150.000,-14.535,65.774,55.031,1.000,44.122,33.345,1.000,0.007,0.433,517.712,-338.512,65.774,458.130,-361.501,44.122,0.1002,0.1092,0,0,0.0000,0.0000,1.0000,1.0000,none,0.6000,walk_f,0.11398
1.6838,ramp,501.743,-350.000,141.220,150.000,-13.513,65.787,55.043,1.000,60.904,36.559,0.261,0.005,8.361,517.746,-338.495,65.787,466.961,-361.503,60.904,0.1002,11.1496,0,0,0.0000,0.0000,1.0000,0.2612,none,0.6000,walk_f,0.17706
1.7342,ramp,509.306,-350.000,143.972,150.000,-7.398,65.766,55.024,1.000,71.768,43.594,0.000,0.006,8.180,517.692,-338.505,65.766,486.290,-361.511,71.768,0.1002,15.0176,0,0,0.0000,0.0000,1.0000,0.0000,none,0.6000,walk_f,0.24008
1.7862,ramp,517.106,-350.000,146.811,150.000,-3.935,65.770,55.028,1.000,76.762,54.138,0.000,0.003,5.933,517.705,-338.500,65.770,515.258,-361.472,76.762,0.1001,10.1262,0,0,0.0000,0.0000,1.0000,0.0000,none,0.6000,walk_f,0.30508
1.8367,ramp,524.685,-350.000,149.570,150.000,-3.532,65.770,55.027,1.000,78.130,64.782,0.000,0.003,7.445,517.702,-338.499,65.770,544.503,-361.460,78.130,0.1001,0.4065,0,0,0.0000,0.0000,1.0000,0.0000,none,0.6000,walk_f,0.36824
1.8868,ramp,532.205,-350.000,152.307,150.000,-5.919,65.723,54.980,1.000,87.080,72.432,1.000,0.011,11.799,517.573,-338.490,65.723,565.520,-361.494,87.080,0.1003,0.4860,0,0,0.0000,0.0000,1.0000,0.0283,none,0.6000,walk_f,0.43090
1.9374,ramp,539.790,-350.000,155.068,150.000,-5.049,65.759,55.017,1.000,87.362,76.564,1.000,0.002,0.684,517.674,-338.499,65.759,576.874,-361.500,87.362,0.1000,0.1146,0,0,0.0000,0.0000,1.0000,1.0000,none,0.6000,walk_f,0.49412
1.9880,ramp,547.371,-350.000,157.827,150.000,-11.167,65.762,55.019,1.000,87.623,76.880,1.000,0.011,0.014,517.679,-338.497,65.762,577.741,-361.482,87.623,0.1003,0.1004,0,0,0.0000,0.0000,1.0000,1.0000,none,0.6000,walk_f,0.55729
2.0396,ramp,555.114,-350.000,160.645,150.000,-14.869,66.011,55.225,1.000,87.606,76.864,1.000,0.540,0.005,518.246,-338.499,66.011,577.697,-361.495,87.606,0.1115,0.1001,0,0,0.0000,0.0000,1.0000,1.0000,none,0.6000,walk_f,0.62182
2.0911,ramp,562.849,-350.000,163.460,150.000,-12.455,86.583,59.224,0.079,87.639,76.894,1.000,11.093,0.010,529.232,-338.498,86.583,577.781,-361.509,87.639,13.3912,0.1004,0,0,0.0000,0.0000,0.0786,1.0000,none,0.6000,walk_f,0.68627
2.1429,ramp,570.614,-350.000,166.287,150.000,-6.647,95.113,66.906,0.000,87.607,76.863,1.000,7.422,0.006,550.339,-338.501,95.113,577.695,-361.500,87.607,15.2705,0.1002,0,0,0.0000,0.0000,0.0000,1.0000,none,0.6000,walk_f,0.75098
2.1943,ramp,578.329,-350.000,169.095,150.000,-3.562,98.968,77.775,0.000,87.608,76.866,1.000,5.973,0.005,580.201,-338.531,98.968,577.703,-361.499,87.608,8.4209,0.1001,0,0,0.0000,0.0000,0.0000,1.0000,none,0.6000,walk_f,0.81527
2.2455,ramp,586.007,-350.000,171.889,150.000,-4.319,101.768,88.283,1.000,87.603,76.860,1.000,8.051,0.003,609.071,-338.527,101.768,577.688,-361.499,87.603,0.3687,0.1001,0,0,0.0000,0.0000,0.0000,1.0000,none,0.6000,walk_f,0.87926
2.2971,ramp,593.749,-350.000,174.707,150.000,-5.791,109.014,95.357,1.000,87.563,76.815,1.000,8.634,0.021,628.507,-338.508,109.014,577.564,-361.505,87.563,0.3840,0.1007,0,0,0.0000,0.0000,0.2528,1.0000,none,0.6000,walk_f,0.94378
2.3473,ramp,601.274,-350.000,177.446,150.000,-5.031,109.447,98.705,1.000,87.601,76.858,1.000,0.000,0.008,637.705,-338.505,109.447,577.682,-361.503,87.601,0.1000,0.1001,0,0,0.0000,0.0000,1.0000,1.0000,none,0.6000,walk_f,0.00648
2.3984,ramp,608.931,-350.000,180.233,150.000,-12.130,109.454,98.711,1.000,87.599,76.856,1.000,0.007,0.012,637.722,-338.516,109.454,577.675,-361.503,87.599,0.1002,0.1003,0,0,0.0000,0.0000,1.0000,1.0000,none,0.6000,walk_f,0.07029
2.4487,ramp,616.483,-350.000,182.982,150.000,-15.317,109.459,98.715,1.000,88.443,77.524,0.996,0.006,1.456,637.734,-338.499,109.459,579.510,-361.501,88.443,0.1002,0.1912,0,0,0.0000,0.0000,1.0000,0.9961,none,0.6000,walk_f,0.13323
2.4993,ramp,624.076,-350.000,185.745,150.000,-11.292,109.463,98.721,1.000,110.755,81.977,0.000,0.007,11.652,637.748,-338.494,109.463,591.745,-361.502,110.755,0.1002,14.6534,0,0,0.0000,0.0000,1.0000,0.0000,none,0.6000,walk_f,0.19650
2.5508,ramp,631.793,-350.000,188.554,150.000,-6.048,109.444,98.702,1.000,117.459,90.392,0.000,0.003,7.056,637.696,-338.503,109.444,614.865,-361.500,117.459,0.1001,14.2362,0,0,0.0000,0.0000,1.0000,0.0000,none,0.6000,walk_f,0.26081
2.6009,ramp,639.311,-350.000,191.290,150.000,-3.321,109.446,98.704,1.000,121.255,101.059,0.000,0.003,5.988,637.703,-338.500,109.446,644.174,-361.476,121.255,0.1001,7.6817,0,0,0.0000,0.0000,1.0000,0.0000,none,0.6000,walk_f,0.32346
2.6511,ramp,646.845,-350.000,194.032,150.000,-4.534,109.443,98.701,1.000,124.681,111.033,1.000,0.002,8.568,637.694,-338.501,109.443,671.577,-361.440,124.681,0.1000,0.3845,0,0,0.0000,0.0000,1.0000,0.0000,none,0.6000,walk_f,0.38624
2.7022,ramp,654.505,-350.000,196.821,150.000,-5.723,109.408,98.664,1.000,130.636,117.725,1.000,0.012,6.332,637.592,-338.495,109.408,689.963,-361.496,130.636,0.1003,0.3094,0,0,0.0000,0.0000,1.0000,0.3999,none,0.6000,walk_f,0.45008
2.7522,ramp,662.011,-350.000,199.553,150.000,-5.810,109.437,98.693,1.000,131.288,120.546,1.000,0.014,0.002,637.674,-338.492,109.437,697.714,-361.492,131.288,0.1003,0.1000,0,0,0.0000,0.0000,1.0000,1.0000,none,0.6000,walk_f,0.51263
2.8037,ramp,669.728,-350.000,202.361,150.000,-12.772,109.440,98.698,1.000,131.289,120.547,1.000,0.007,0.005,637.685,-338.498,109.440,697.716,-361.489,131.289,0.1002,0.1001,0,0,0.0000,0.0000,1.0000,1.0000,none,0.6000,walk_f,0.57694
2.8543,ramp,677.318,-350.000,205.124,150.000,-15.308,111.376,99.734,0.950,131.299,120.557,1.000,1.333,0.002,640.532,-338.499,111.376,697.744,-361.500,131.299,0.9172,0.1000,0,0,0.0000,0.0000,0.9496,1.0000,none,0.6000,walk_f,0.64018
2.9052,ramp,684.960,-350.000,207.905,150.000,-10.513,133.585,104.483,0.000,131.296,120.551,1.000,10.918,0.008,653.579,-338.499,133.585,697.727,-361.504,131.296,15.1786,0.1003,0,0,0.0000,0.0000,0.0000,1.0000,none,0.6000,walk_f,0.70387
2.9554,ramp,692.491,-350.000,210.646,150.000,-5.676,139.671,113.199,0.000,131.282,120.540,1.000,6.852,0.001,677.528,-338.498,139.671,697.697,-361.497,131.282,13.7001,0.1000,0,0,0.0000,0.0000,0.0000,1.0000,none,0.6000,walk_f,0.76662
3.0069,ramp,700.212,-350.000,213.457,150.000,-3.126,143.607,124.228,0.000,131.282,120.540,1.000,6.011,0.002,707.831,-338.506,143.607,697.696,-361.500,131.282,6.8159,0.1000,0,0,0.0000,0.0000,0.0000,1.0000,none,0.6000,walk_f,0.83097
3.0589,ramp,708.007,-350.000,216.294,150.000,-5.050,147.992,134.115,1.000,131.279,120.536,1.000,9.297,0.002,734.993,-338.571,147.992,697.687,-361.498,131.279,0.4074,0.1000,0,0,0.0000,0.0000,0.0000,1.0000,none,0.6000,walk_f,0.89592
3.1114,ramp,715.891,-350.000,219.163,150.000,-5.557,151.942,140.425,1.000,131.278,120.533,1.000,2.196,0.008,752.330,-338.500,151.942,697.679,-361.500,131.278,0.1744,0.1003,0,0,0.0000,0.0000,0.6688,1.0000,none,0.6000,walk_f,0.96163
3.1621,ramp,723.496,-350.000,221.931,150.000,-7.368,153.126,142.384,1.000,131.275,120.532,1.000,0.003,0.016,757.713,-338.509,153.126,697.674,-361.508,131.275,0.1001,0.1004,0,0,0.0000,0.0000,1.0000,1.0000,none,0.6000,walk_f,0.02500
3.2126,ramp,731.063,-350.000,224.685,150.000,-13.487,153.125,142.383,1.000,131.311,120.563,1.000,0.002,0.072,757.710,-338.506,153.125,697.760,-361.501,131.311,0.1001,0.1015,0,0,0.0000,0.0000,1.0000,1.0000,none,0.6000,walk_f,0.08806
3.2629,ramp,738.614,-350.000,227.434,150.000,-15.166,153.141,142.397,1.000,136.340,122.151,0.798,0.007,0.507,757.748,-338.498,153.141,702.123,-361.501,136.340,0.1003,3.3865,0,0,0.0000,0.0000,1.0000,0.7978,none,0.6000,walk_f,0.15098
3.3131,ramp,746.138,-350.000,230.172,150.000,-9.568,153.121,142.378,1.000,156.365,127.431,0.000,0.010,10.086,757.697,-338.502,153.121,716.631,-361.509,156.365,0.1002,15.2385,0,0,0.0000,0.0000,1.0000,0.0000,none,0.6000,walk_f,0.21368
3.3641,ramp,753.788,-350.000,232.957,150.000,-5.153,153.120,142.378,1.000,162.412,136.828,0.000,0.004,6.432,757.697,-338.503,153.120,742.447,-361.502,162.412,0.1001,12.6572,0,0,0.0000,0.0000,1.0000,0.0000,none,0.6000,walk_f,0.27743
3.4141,ramp,761.290,-350.000,235.687,150.000,-2.997,153.124,142.381,1.000,165.400,147.533,0.000,0.004,6.271,757.704,-338.499,153.124,771.859,-361.464,165.400,0.1001,3.4982,0,0,0.0000,0.0000,1.0000,0.0000,none,0.6000,walk_f,0.33995
3.4656,ramp,769.026,-350.000,238.503,150.000,-5.400,153.120,142.377,1.000,166.725,156.000,1.000,0.003,10.086,757.694,-338.501,153.120,798.017,-361.441,166.725,0.1001,0.3015,0,0,0.0000,0.0000,1.0000,0.0000,none,0.6000,walk_f,0.40441
3.5173,ramp,776.770,-350.000,242.948,150.000,-5.787,153.110,142.367,1.000,166.360,156.000,1.000,0.004,3.609,757.667,-338.498,153.110,813.354,-361.500,166.360,0.1001,0.1724,0,0,0.0000,0.0000,1.0000,0.7956,none,0.6000,walk_f,0.46895
3.5681,ramp,784.399,-350.000,245.401,150.000,-9.931,153.115,142.371,1.000,166.100,156.000,1.000,0.016,0.005,757.677,-338.492,153.115,817.710,-361.494,166.100,0.1004,0.1001,0,0,0.0000,0.0000,1.0000,1.0000,none,0.6000,walk_f,0.53252
3.6194,ramp,792.081,-350.000,245.950,150.000,-12.931,153.200,142.442,1.000,166.101,156.000,1.000,0.187,0.010,757.873,-338.498,153.200,817.713,-361.487,166.101,0.1040,0.1003,0,0,0.0000,0.0000,1.0000,1.0000,none,0.6000,walk_f,0.59654
3.6705,ramp,799.753,-350.000,245.950,150.000,-12.348,160.981,144.498,0.613,166.100,156.000,1.000,3.082,0.001,763.521,-338.500,160.981,817.722,-361.500,166.100,4.8655,0.1000,0,0,0.0000,0.0000,0.6128,1.0000,none,0.6000,walk_f,0.66047
3.7213,ramp,807.366,-350.000,245.950,150.000,-7.145,172.511,150.622,0.000,166.102,156.000,1.000,9.344,0.007,780.346,-338.481,172.511,817.692,-361.494,166.102,9.5176,0.1002,0,0,0.0000,0.0000,0.0000,1.0000,none,0.6000,walk_f,0.72391
3.7729,ramp,815.116,-350.000,245.950,150.000,-3.818,176.054,156.000,0.000,166.101,156.000,1.000,14.031,0.007,807.405,-338.499,176.054,817.696,-361.499,166.101,9.5517,0.1001,0,0,0.0000,0.0000,0.0000,1.0000,none,0.6000,walk_f,0.78850
3.8234,ramp,822.693,-350.000,245.950,150.000,-2.068,174.975,156.000,0.000,166.101,156.000,1.000,13.305,0.007,837.027,-338.569,174.975,817.702,-361.502,166.101,8.4823,0.1001,0,0,0.0000,0.0000,0.0000,1.0000,none,0.6000,walk_f,0.85164
3.8740,ramp,830.273,-350.000,245.950,150.000,-1.120,171.676,156.000,0.000,166.102,156.000,1.000,9.259,0.007,861.573,-338.511,171.676,817.692,-361.500,166.102,5.2757,0.1002,0,0,0.0000,0.0000,0.0000,1.0000,none,0.6000,walk_f,0.91480
4.0514,ramp,856.884,-350.000,245.950,150.000,-0.686,166.102,156.000,1.000,166.255,156.000,0.980,0.007,1.920,877.743,-338.498,166.102,820.002,-361.501,166.255,0.1002,0.1502,0,0,0.0000,0.0000,1.0000,0.9800,none,0.6000,walk_f,0.13657
4.1030,ramp,864.625,-350.000,245.950,150.000,-0.987,166.101,156.000,1.000,171.359,156.000,0.000,0.008,8.824,877.734,-338.496,166.101,832.878,-361.501,171.359,0.1002,4.9709,0,0,0.0000,0.0000,1.0000,0.0000,none,0.6000,walk_f,0.20107
4.1539,ramp,872.265,-350.000,245.950,150.000,-0.532,166.100,156.000,1.000,174.938,156.000,0.000,0.004,13.152,877.697,-338.504,166.100,856.666,-361.501,174.938,0.1001,8.4475,0,0,0.0000,0.0000,1.0000,0.0000,none,0.6000,walk_f,0.26473
4.2041,ramp,879.786,-350.000,245.950,150.000,-0.290,166.101,156.000,1.000,176.000,156.000,0.000,0.003,14.069,877.701,-338.500,166.101,886.097,-361.484,176.000,0.1001,9.4978,0,0,0.0000,0.0000,1.0000,0.0000,none,0.6000,walk_f,0.32741
4.2545,ramp,887.350,-350.000,245.950,150.000,-0.157,166.101,156.000,1.000,172.856,156.000,0.000,0.002,11.150,877.694,-338.501,166.101,913.081,-361.430,172.856,0.1000,6.4055,0,0,0.0000,0.0000,1.0000,0.0000,none,0.6000,walk_f,0.39045
4.3056,ramp,895.012,-350.000,245.950,150.000,-1.219,166.101,156.000,1.000,167.560,156.000,0.506,0.007,5.256,877.638,-338.497,166.101,930.938,-361.498,167.560,0.1001,1.2993,0,0,0.0000,0.0000,1.0000,0.5063,none,0.6000,walk_f,0.45429
4.3560,ramp,902.572,-350.000,245.950,150.000,-0.940,166.102,156.000,1.000,166.100,156.000,1.000,0.016,0.003,877.670,-338.491,166.102,937.717,-361.491,166.100,0.1003,0.1001,0,0,0.0000,0.0000,1.0000,1.0000,none,0.6000,walk_f,0.51729
4.4064,ramp,910.140,-350.000,245.950,150.000,-0.510,166.101,156.000,1.000,166.100,156.000,1.000,0.005,0.003,877.691,-338.499,166.101,937.706,-361.495,166.100,0.1001,0.1001,0,0,0.0000,0.0000,1.0000,1.0000,none,0.6000,walk_f,0.58036
4.4572,ramp,917.761,-350.000,245.950,150.000,-1.015,166.395,156.000,0.907,166.100,156.000,1.000,2.763,0.002,881.076,-338.499,166.395,937.748,-361.500,166.100,0.2478,0.1000,0,0,0.0000,0.0000,0.9071,1.0000,none,0.6000,walk_f,0.64387
4.5083,ramp,925.429,-350.000,245.950,150.000,-0.933,171.976,156.000,0.000,166.103,156.000,1.000,9.497,0.008,894.549,-338.499,171.976,937.700,-361.500,166.103,5.5685,0.1002,0,0,0.0000,0.0000,0.0000,1.0000,none,0.6000,walk_f,0.70778
4.5585,ramp,932.953,-350.000,245.950,150.000,-0.508,175.097,156.000,0.000,166.100,156.000,1.000,13.356,0.001,919.287,-338.498,175.097,937.697,-361.497,166.100,8.6033,0.1000,0,0,0.0000,0.0000,0.0000,1.0000,none,0.6000,walk_f,0.77048
4.6094,ramp,940.595,-350.000,245.950,150.000,-0.274,176.114,156.000,0.000,166.100,156.000,1.000,14.021,0.001,949.333,-338.505,176.114,937.695,-361.500,166.100,9.6120,0.1000,0,0,0.0000,0.0000,0.0000,1.0000,none,0.6000,walk_f,0.83415
4.6605,ramp,948.252,-350.000,245.950,150.000,-0.147,172.365,156.000,0.000,166.101,156.000,1.000,10.576,0.003,975.716,-338.570,172.365,937.687,-361.498,166.101,5.9280,0.1001,0,0,0.0000,0.0000,0.0000,1.0000,none,0.6000,walk_f,0.89796
4.7111,ramp,955.839,-350.000,245.950,150.000,-1.297,167.026,156.000,0.661,166.103,156.000,1.000,4.499,0.008,992.269,-338.500,167.026,937.681,-361.500,166.103,0.7982,0.1002,0,0,0.0000,0.0000,0.6607,1.0000,none,0.6000,walk_f,0.96119
4.7626,ramp,963.565,-350.000,245.950,150.000,-0.868,166.100,156.000,1.000,166.102,156.000,1.000,0.003,0.016,997.713,-338.509,166.100,937.675,-361.508,166.102,0.1001,0.1003,0,0,0.0000,0.0000,1.0000,1.0000,none,0.6000,walk_f,0.02557
4.8127,ramp,971.046,-350.000,245.950,135.048,-0.473,166.100,156.000,1.000,166.105,156.000,1.000,0.002,0.070,997.699,-338.500,166.100,937.702,-361.500,166.105,0.1000,0.1014,0,0,0.0000,0.0000,1.0000,1.0000,stop_f,0.0055,walk_f,0.08791
4.8641,ramp,973.836,-350.000,245.950,0.000,-0.315,166.101,156.000,1.000,166.130,156.000,1.000,0.008,0.391,997.699,-338.500,166.101,937.702,-361.500,166.130,0.1001,0.1079,0,0,0.0000,0.0000,1.0000,1.0000,stop_f,0.0568,idle_combat,0.11369
4.9146,ramp,973.836,-350.000,245.950,0.000,-2.746,166.111,156.000,1.000,166.123,156.000,1.000,0.034,0.259,997.699,-338.500,166.111,937.702,-361.500,166.123,0.1011,0.1057,0,0,0.0000,0.0000,1.0000,1.0000,stop_f,0.1074,idle_combat,0.13172
4.9660,ramp,973.836,-350.000,245.950,0.000,-6.495,166.108,156.000,1.000,166.106,156.000,1.000,0.032,0.064,997.699,-338.500,166.108,937.702,-361.500,166.106,0.1010,0.1015,0,0,0.0000,0.0000,1.0000,1.0000,stop_f,0.1587,idle_combat,0.15008
5.0164,ramp,973.836,-350.000,245.950,0.000,-7.547,166.100,156.000,1.000,166.100,156.000,1.000,0.001,0.004,997.699,-338.500,166.100,937.702,-361.500,166.100,0.1000,0.1001,0,0,0.0000,0.0000,1.0000,1.0000,stop_f,0.2092,idle_combat,0.16812
5.0671,ramp,973.836,-350.000,245.950,0.000,-7.606,166.101,156.000,1.000,166.102,156.000,1.000,0.003,0.006,997.699,-338.500,166.101,937.702,-361.500,166.102,0.1001,0.1002,0,0,0.0000,0.0000,1.0000,1.0000,stop_f,0.2598,idle_combat,0.18614
5.1183,ramp,973.836,-350.000,245.950,0.000,-7.669,166.101,156.000,1.000,166.101,156.000,1.000,0.005,0.007,997.699,-338.500,166.101,937.702,-361.500,166.101,0.1001,0.1001,0,0,0.0000,0.0000,1.0000,1.0000,stop_f,0.3111,idle_combat,0.20447
5.1684,ramp,973.836,-350.000,245.950,0.000,-7.741,166.102,156.000,1.000,166.101,156.000,1.000,0.005,0.010,997.699,-338.500,166.102,937.702,-361.500,166.101,0.1001,0.1002,0,0,0.0000,0.0000,1.0000,1.0000,stop_f,0.3612,idle_combat,0.22245
5.2186,ramp,973.836,-350.000,245.950,0.000,-7.803,166.100,156.000,1.000,166.101,156.000,1.000,0.001,0.003,997.699,-338.500,166.100,937.702,-361.500,166.101,0.1000,0.1001,0,0,0.0000,0.0000,1.0000,1.0000,stop_f,0.4113,idle_combat,0.24029
5.2692,ramp,973.836,-350.000,245.950,0.000,-7.872,166.100,156.000,1.000,166.103,156.000,1.000,0.004,0.010,997.699,-338.500,166.100,937.702,-361.500,166.103,0.1001,0.1003,0,0,0.0000,0.0000,1.0000,1.0000,stop_f,0.4620,idle_combat,0.25836
5.3204,ramp,973.836,-350.000,245.950,0.000,-7.940,166.101,156.000,1.000,166.103,156.000,1.000,0.003,0.008,997.699,-338.500,166.101,937.702,-361.500,166.103,0.1001,0.1003,0,0,0.0000,0.0000,1.0000,1.0000,stop_f,0.5132,idle_combat,0.27663
5.3711,ramp,973.836,-350.000,245.950,0.000,-8.006,166.100,156.000,1.000,166.100,156.000,1.000,0.001,0.003,997.699,-338.500,166.100,937.702,-361.500,166.100,0.1000,0.1000,0,0,0.0000,0.0000,1.0000,1.0000,stop_f,0.5639,idle_combat,0.29477
5.4217,ramp,973.836,-350.000,245.950,0.000,-8.070,166.100,156.000,1.000,166.100,156.000,1.000,0.002,0.005,997.699,-338.500,166.100,937.702,-361.500,166.100,0.1000,0.1001,0,0,0.0000,0.0000,1.0000,1.0000,stop_f,0.6144,idle_combat,0.31287
5.4724,ramp,973.836,-350.000,245.950,0.000,-8.134,166.101,156.000,1.000,166.100,156.000,1.000,0.003,0.002,997.699,-338.500,166.101,937.702,-361.500,166.100,0.1001,0.1000,0,0,0.0000,0.0000,1.0000,1.0000,stop_f,0.6651,idle_combat,0.33097
5.5224,ramp,973.836,-350.000,245.950,0.000,-8.193,166.102,156.000,1.000,166.101,156.000,1.000,0.006,0.008,997.699,-338.500,166.102,937.702,-361.500,166.101,0.1002,0.1002,0,0,0.0000,0.0000,1.0000,1.0000,none,0.7000,idle_combat,0.34881
5.5731,ramp,973.836,-350.000,245.950,0.000,-8.242,166.104,156.000,1.000,166.100,156.000,1.000,0.012,0.002,997.699,-338.500,166.104,937.702,-361.500,166.100,0.1003,0.1000,0,0,0.0000,0.0000,1.0000,1.0000,none,0.7000,idle_combat,0.36689
5.6233,ramp,973.836,-350.000,245.950,0.000,-8.290,166.102,156.000,1.000,166.101,156.000,1.000,0.006,0.003,997.699,-338.500,166.102,937.702,-361.500,166.101,0.1002,0.1001,0,0,0.0000,0.0000,1.0000,1.0000,none,0.7000,idle_combat,0.38486
5.6738,ramp,973.836,-350.000,245.950,0.000,-8.337,166.101,156.000,1.000,166.100,156.000,1.000,0.007,0.002,997.699,-338.500,166.101,937.702,-361.500,166.100,0.1002,0.1000,0,0,0.0000,0.0000,1.0000,1.0000,none,0.7000,idle_combat,0.40290
5.7245,ramp,973.836,-350.000,245.950,0.000,-8.374,166.101,156.000,1.000,166.100,156.000,1.000,0.008,0.003,997.699,-338.500,166.101,937.702,-361.500,166.100,0.1001,0.1001,0,0,0.0000,0.0000,1.0000,1.0000,none,0.7000,idle_combat,0.42094
5.7755,ramp,973.836,-350.000,245.950,0.000,-8.405,166.104,156.000,1.000,166.100,156.000,1.000,0.014,0.001,997.699,-338.500,166.104,937.702,-361.500,166.100,0.1004,0.1000,0,0,0.0000,0.0000,1.0000,1.0000,none,0.7000,idle_combat,0.43919
5.8265,ramp,973.836,-350.000,245.950,0.000,-8.427,166.101,156.000,1.000,166.101,156.000,1.000,0.007,0.004,997.699,-338.500,166.101,937.702,-361.500,166.101,0.1001,0.1001,0,0,0.0000,0.0000,1.0000,1.0000,none,0.7000,idle_combat,0.45742
5.8773,ramp,973.836,-350.000,245.950,0.000,-8.444,166.101,156.000,1.000,166.101,156.000,1.000,0.011,0.004,997.699,-338.500,166.101,937.702,-361.500,166.101,0.1002,0.1001,0,0,0.0000,0.0000,1.0000,1.0000,none,0.7000,idle_combat,0.47560
5.9274,ramp,973.836,-350.000,245.950,0.000,-8.454,166.101,156.000,1.000,166.100,156.000,1.000,0.013,0.001,997.699,-338.500,166.101,937.702,-361.500,166.100,0.1002,0.1000,0,0,0.0000,0.0000,1.0000,1.0000,none,0.7000,idle_combat,0.49343
5.9776,ramp,973.836,-350.000,245.950,0.000,-8.455,166.101,156.000,1.000,166.102,156.000,1.000,0.016,0.006,997.699,-338.500,166.101,937.702,-361.500,166.102,0.1002,0.1002,0,0,0.0000,0.0000,1.0000,1.0000,none,0.7000,idle_combat,0.51138
6.0291,ramp,973.836,-350.000,245.950,0.000,-8.454,166.101,156.000,1.000,166.100,156.000,1.000,0.005,0.002,997.699,-338.500,166.101,937.702,-361.500,166.100,0.1001,0.1000,0,0,0.0000,0.0000,1.0000,1.0000,none,0.7000,idle_combat,0.52958
6.0795,ramp,973.836,-350.000,245.950,0.000,-8.449,166.101,156.000,1.000,166.100,156.000,1.000,0.006,0.001,997.699,-338.500,166.101,937.702,-361.500,166.100,0.1001,0.1000,0,0,0.0000,0.0000,1.0000,1.0000,none,0.7000,idle_combat,0.54765
6.1301,ramp,973.836,-350.000,245.950,0.000,-8.438,166.101,156.000,1.000,166.100,156.000,1.000,0.009,0.003,997.699,-338.500,166.101,937.702,-361.500,166.100,0.1002,0.1000,0,0,0.0000,0.0000,1.0000,1.0000,none,0.7000,idle_combat,0.56580
6.1807,ramp,973.836,-350.000,245.950,0.000,-8.421,166.102,156.000,1.000,166.101,156.000,1.000,0.015,0.006,997.699,-338.500,166.102,937.702,-361.500,166.101,0.1003,0.1001,0,0,0.0000,0.0000,1.0000,1.0000,none,0.7000,idle_combat,0.58393
6.2325,ramp,973.836,-350.000,245.950,0.000,-8.397,166.100,156.000,1.000,166.101,156.000,1.000,0.003,0.006,997.699,-338.500,166.100,937.702,-361.500,166.101,0.1000,0.1001,0,0,0.0000,0.0000,1.0000,1.0000,none,0.7000,idle_combat,0.60236
6.2830,ramp,973.836,-350.000,245.950,0.000,-8.365,166.102,156.000,1.000,166.101,156.000,1.000,0.005,0.011,997.699,-338.500,166.102,937.702,-361.500,166.101,0.1001,0.1002,0,0,0.0000,0.0000,1.0000,1.0000,none,0.7000,idle_combat,0.62042
6.3344,ramp,973.836,-350.000,245.950,0.000,-8.327,166.101,156.000,1.000,166.101,156.000,1.000,0.014,0.002,997.699,-338.500,166.101,937.702,-361.500,166.101,0.1003,0.1000,0,0,0.0000,0.0000,1.0000,1.0000,none,0.7000,idle_combat,0.63879
6.3854,ramp,973.836,-350.000,245.950,0.000,-8.286,166.106,156.000,1.000,166.101,156.000,1.000,0.017,0.009,997.699,-338.500,166.106,937.702,-361.500,166.101,0.1005,0.1002,0,0,0.0000,0.0000,1.0000,1.0000,none,0.7000,idle_combat,0.65700
6.4362,ramp,973.836,-350.000,245.950,0.000,-8.237,166.106,156.000,1.000,166.102,156.000,1.000,0.019,0.020,997.699,-338.500,166.106,937.702,-361.500,166.102,0.1006,0.1004,0,0,0.0000,0.0000,1.0000,1.0000,none,0.7000,idle_combat,0.67515
6.4870,ramp,973.836,-350.000,245.950,0.000,-8.183,166.102,156.000,1.000,166.101,156.000,1.000,0.016,0.015,997.699,-338.500,166.102,937.702,-361.500,166.101,0.1003,0.1003,0,0,0.0000,0.0000,1.0000,1.0000,none,0.7000,idle_combat,0.69333
6.5385,ramp,973.836,-350.000,245.950,0.000,-8.124,166.101,156.000,1.000,166.101,156.000,1.000,0.006,0.010,997.699,-338.500,166.101,937.702,-361.500,166.101,0.1001,0.1002,0,0,0.0000,0.0000,1.0000,1.0000,none,0.7000,idle_combat,0.71171
6.5898,ramp,973.836,-350.000,245.950,0.000,-8.064,166.101,156.000,1.000,166.102,156.000,1.000,0.006,0.005,997.699,-338.500,166.101,937.702,-361.500,166.102,0.1001,0.1001,0,0,0.0000,0.0000,1.0000,1.0000,none,0.7000,idle_combat,0.72999
6.6400,ramp,973.836,-350.000,245.950,0.000,-8.001,166.100,156.000,1.000,166.101,156.000,1.000,0.004,0.013,997.699,-338.500,166.100,937.702,-361.500,166.101,0.1001,0.1003,0,0,0.0000,0.0000,1.0000,1.0000,none,0.7000,idle_combat,0.74798
6.6913,ramp,973.836,-350.000,245.950,0.000,-7.934,166.100,156.000,1.000,166.101,156.000,1.000,0.001,0.011,997.699,-338.500,166.100,937.702,-361.500,166.101,0.1000,0.1002,0,0,0.0000,0.0000,1.0000,1.0000,none,0.7000,idle_combat,0.76628
6.7424,ramp,973.836,-350.000,245.950,0.000,-7.868,166.102,156.000,1.000,166.100,156.000,1.000,0.009,0.005,997.699,-338.500,166.102,937.702,-361.500,166.100,0.1002,0.1001,0,0,0.0000,0.0000,1.0000,1.0000,none,0.7000,idle_combat,0.78451
6.7937,ramp,973.836,-350.000,245.950,0.000,-7.800,166.100,156.000,1.000,166.100,156.000,1.000,0.003,0.003,997.699,-338.500,166.100,937.702,-361.500,166.100,0.1001,0.1000,0,0,0.0000,0.0000,1.0000,1.0000,none,0.7000,idle_combat,0.80282
6.8442,ramp,973.836,-350.000,245.950,0.000,-7.733,166.104,156.000,1.000,166.103,156.000,1.000,0.013,0.010,997.699,-338.500,166.104,937.702,-361.500,166.103,0.1004,0.1003,0,0,0.0000,0.0000,1.0000,1.0000,none,0.7000,idle_combat,0.82082
6.8947,ramp,973.836,-350.000,245.950,0.000,-7.667,166.102,156.000,1.000,166.101,156.000,1.000,0.007,0.005,997.699,-338.500,166.102,937.702,-361.500,166.101,0.1002,0.1002,0,0,0.0000,0.0000,1.0000,1.0000,none,0.7000,idle_combat,0.83890
6.9457,ramp,973.836,-350.000,245.950,0.000,-7.604,166.101,156.000,1.000,166.101,156.000,1.000,0.010,0.013,997.699,-338.500,166.101,937.702,-361.500,166.101,0.1003,0.1003,0,0,0.0000,0.0000,1.0000,1.0000,none,0.7000,idle_combat,0.85705
6.9974,ramp,973.836,-350.000,245.950,0.000,-7.544,166.101,156.000,1.000,166.101,156.000,1.000,0.004,0.007,997.699,-338.500,166.101,937.702,-361.500,166.101,0.1001,0.1001,0,0,0.0000,0.0000,1.0000,1.0000,none,0.7000,idle_combat,0.87558
7.0525,steps,181.650,450.000,90.000,61.852,0.000,10.101,0.000,1.000,10.746,0.000,0.767,0.014,4.039,184.503,462.496,10.101,174.847,436.989,10.746,0.1002,0.5345,0,0,0.0000,0.0000,1.0000,0.7673,start_f,0.0533,walk_f,0.28981
7.1036,steps,186.426,450.000,90.000,123.121,0.000,10.102,0.000,1.000,17.342,0.000,0.000,0.010,11.330,184.503,462.496,10.102,191.288,438.109,17.342,0.1002,6.8857,0,0,0.0000,0.0000,1.0000,0.0000,start_f,0.1043,walk_f,0.32962
7.1540,steps,193.707,450.000,90.000,150.000,0.000,10.101,0.000,1.000,16.919,0.000,0.000,0.002,11.161,184.503,462.496,10.101,219.402,438.570,16.919,0.1001,6.4682,0,0,0.0000,0.0000,1.0000,0.0000,start_f,0.1547,walk_f,0.39029
7.2051,steps,201.374,450.000,90.000,150.000,-1.241,10.101,0.000,1.000,11.595,0.000,0.503,0.007,5.267,184.503,462.496,10.101,237.288,438.502,11.595,0.1002,1.3342,0,0,0.0000,0.0000,1.0000,0.5035,start_f,0.2058,walk_f,0.45418
7.2563,steps,209.065,450.000,90.000,150.000,-0.862,10.102,0.000,1.000,30.349,0.000,1.000,0.017,0.003,184.503,462.496,10.102,244.074,438.500,30.349,0.1003,0.3499,0,0,0.0000,0.0000,1.0000,1.0000,start_f,0.2571,walk_f,0.51827
7.3075,steps,216.737,450.000,90.000,150.000,-0.463,10.100,0.000,1.000,30.350,0.000,1.000,0.004,0.001,184.503,462.496,10.100,244.074,438.500,30.350,0.1001,0.3500,0,0,0.0000,0.0000,1.0000,1.0000,start_f,0.3082,walk_f,0.58221
7.3581,steps,224.322,450.000,90.000,150.000,-1.115,10.444,0.000,0.886,30.350,0.000,1.000,2.942,0.002,187.679,461.501,10.444,244.074,438.500,30.350,0.2878,0.3500,0,0,0.0000,0.0000,0.8861,1.0000,start_f,0.3588,walk_f,0.64542
7.4089,steps,231.953,450.000,90.798,150.000,-0.944,16.881,0.000,0.000,30.353,0.000,1.000,9.603,0.008,201.307,461.502,16.881,244.074,438.500,30.353,6.4706,0.3502,0,0,0.0000,0.0000,0.0000,1.0000,start_f,0.4097,walk_f,0.70901
7.4593,steps,239.502,450.000,102.055,150.000,-0.513,31.255,0.000,0.000,30.350,0.000,1.000,13.410,0.001,226.317,461.502,31.255,244.074,438.500,30.350,20.7604,0.3499,0,0,0.0000,0.0000,0.0000,1.0000,start_f,0.4600,walk_f,0.77191
7.5103,steps,247.165,450.000,107.029,150.000,-0.276,37.060,0.000,0.000,30.350,0.000,1.000,13.957,0.002,256.410,461.486,37.060,244.074,438.500,30.350,10.9143,0.3500,0,0,0.0000,0.0000,0.0000,1.0000,start_f,0.5111,walk_f,0.83577
7.5620,steps,254.915,450.000,109.716,150.000,-0.146,35.988,20.000,0.000,30.351,0.000,1.000,10.392,0.003,282.937,461.433,35.988,244.074,438.500,30.351,5.5556,0.3501,0,0,0.0000,0.0000,0.0000,1.0000,start_f,0.5628,walk_f,0.90036
7.6132,steps,262.599,450.000,109.976,150.000,-1.313,30.860,20.000,0.719,30.353,0.000,1.000,4.128,0.008,299.092,461.500,30.860,244.046,438.500,30.353,0.6483,0.3503,0,0,0.0000,0.0000,0.7187,1.0000,none,0.6000,walk_f,0.96439
7.6633,steps,270.103,450.000,109.976,150.000,-0.871,30.100,20.000,1.000,30.350,0.000,1.000,0.003,0.016,304.088,461.492,30.100,244.051,438.492,30.350,0.1001,0.3501,0,0,0.0000,0.0000,1.0000,1.0000,none,0.6000,walk_f,0.02692
7.7137,steps,277.671,450.000,109.976,150.000,-0.472,30.100,20.000,1.000,30.318,0.000,1.000,0.004,0.099,304.090,461.492,30.100,244.162,438.499,30.318,0.1001,0.3470,0,0,0.0000,0.0000,1.0000,1.0000,none,0.6000,walk_f,0.08999
7.7642,steps,285.243,450.000,109.976,150.000,-2.258,30.102,20.000,1.000,29.765,0.000,0.760,0.007,3.826,304.120,461.502,30.102,248.810,438.499,29.765,0.1003,0.9154,0,0,0.0000,0.0000,1.0000,0.7597,none,0.6000,walk_f,0.15309
7.8146,steps,292.795,450.000,109.976,150.000,-1.505,30.101,20.000,1.000,36.241,20.000,0.000,0.010,10.118,304.073,461.496,30.101,263.862,438.488,36.241,0.1002,5.8156,0,0,0.0000,0.0000,1.0000,0.0000,none,0.6000,walk_f,0.21602
7.8650,steps,300.361,450.000,109.976,150.000,-0.816,30.100,20.000,1.000,39.514,20.000,0.000,0.004,13.698,304.073,461.497,30.100,289.561,438.498,39.514,0.1001,9.0156,0,0,0.0000,0.0000,1.0000,0.0000,none,0.6000,walk_f,0.27907
7.9162,steps,308.037,450.000,109.976,150.000,-0.439,30.101,20.000,1.000,45.673,20.000,1.000,0.005,13.663,304.082,461.502,30.101,319.593,438.549,45.673,0.1001,5.0434,0,0,0.0000,0.0000,1.0000,0.0000,none,0.6000,walk_f,0.34304
7.9674,steps,315.723,450.000,117.774,150.000,-7.707,30.101,20.000,1.000,50.716,40.000,1.000,0.003,9.878,304.070,461.499,30.101,345.322,438.549,50.716,0.1001,0.2973,0,0,0.0000,0.0000,1.0000,0.0000,none,0.6000,walk_f,0.40709
8.0181,steps,323.322,450.000,124.940,150.000,-10.381,30.100,20.000,1.000,50.349,40.000,1.000,0.004,3.439,304.040,461.502,30.100,359.935,438.500,50.349,0.1001,0.1690,0,0,0.0000,0.0000,1.0000,0.8186,none,0.6000,walk_f,0.47041
8.0689,steps,330.949,450.000,128.674,150.000,-16.361,30.102,20.000,1.000,50.100,40.000,1.000,0.015,0.005,304.056,461.508,30.102,364.085,438.505,50.100,0.1004,0.1001,0,0,0.0000,0.0000,1.0000,1.0000,none,0.6000,walk_f,0.53398
8.1192,steps,338.497,450.000,129.867,150.000,-19.879,30.115,20.000,1.000,50.101,40.000,1.000,0.192,0.010,304.254,461.502,30.115,364.090,438.513,50.101,0.1039,0.1003,0,0,0.0000,0.0000,1.0000,1.0000,none,0.6000,walk_f,0.59687
8.1696,steps,346.048,450.000,130.124,150.000,-19.958,38.659,20.000,0.627,50.100,40.000,1.000,4.602,0.001,309.798,461.500,38.659,364.100,438.500,50.100,8.4263,0.1000,0,0,0.0000,0.0000,0.6268,1.0000,none,0.6000,walk_f,0.65980
8.2208,steps,353.731,450.000,130.124,150.000,-11.800,56.680,20.000,0.000,50.102,40.000,1.000,10.689,0.007,326.688,461.519,56.680,364.068,438.506,50.102,9.6851,0.1002,0,0,0.0000,0.0000,0.0000,1.0000,none,0.6000,walk_f,0.72382
8.2709,steps,361.241,450.000,130.124,150.000,-6.428,60.085,40.000,0.000,50.101,40.000,1.000,13.954,0.006,352.849,461.502,60.085,364.072,438.501,50.101,9.5835,0.1001,0,0,0.0000,0.0000,0.0000,1.0000,none,0.6000,walk_f,0.78640
8.3211,steps,368.778,450.000,130.124,150.000,-3.494,59.267,40.000,0.000,50.101,40.000,1.000,13.406,0.006,382.324,461.434,59.267,364.078,438.498,50.101,8.7732,0.1001,0,0,0.0000,0.0000,0.0000,1.0000,none,0.6000,walk_f,0.84922
8.3712,steps,376.292,450.000,130.124,150.000,-1.924,67.647,40.000,1.000,50.102,40.000,1.000,9.497,0.006,406.932,461.472,67.647,364.067,438.501,50.102,0.3500,0.1002,0,0,0.0000,0.0000,0.0000,1.0000,none,0.6000,walk_f,0.91183
8.4217,steps,383.870,450.000,130.124,150.000,-1.045,70.337,60.000,1.000,50.102,40.000,1.000,2.900,0.006,420.575,461.500,70.337,364.024,438.499,50.102,1.2048,0.1002,0,0,0.0000,0.0000,0.8838,1.0000,none,0.6000,walk_f,0.97498
8.4733,steps,391.606,450.000,130.124,150.000,-0.559,70.350,60.000,1.000,50.101,40.000,1.000,0.004,0.006,424.076,461.498,70.350,364.068,438.498,50.101,0.3497,0.1002,0,0,0.0000,0.0000,1.0000,1.0000,none,0.6000,walk_f,0.03945
8.5236,steps,399.146,450.000,141.717,150.000,-11.741,70.350,60.000,1.000,50.121,40.000,1.000,0.009,0.270,424.098,461.485,70.350,364.334,438.499,50.121,0.3495,0.1054,0,0,0.0000,0.0000,1.0000,1.0000,none,0.6000,walk_f,0.10228
8.5747,steps,406.820,450.000,147.100,150.000,-14.882,70.351,60.000,1.000,60.360,40.000,0.490,0.004,5.343,424.075,461.500,70.351,370.746,438.500,60.360,0.3501,10.0967,0,0,0.0000,0.0000,1.0000,0.4904,none,0.6000,walk_f,0.16623
8.6250,steps,414.362,450.000,149.520,150.000,-8.641,70.350,60.000,1.000,76.441,40.000,0.000,0.009,11.068,424.069,461.493,70.350,388.643,438.483,76.441,0.3493,25.9912,0,0,0.0000,0.0000,1.0000,0.0000,none,0.6000,walk_f,0.22908
8.6761,steps,422.025,450.000,150.075,150.000,-4.650,70.350,60.000,1.000,80.360,40.000,0.000,0.003,14.169,424.074,461.500,70.350,415.793,438.504,80.360,0.3497,14.2722,0,0,0.0000,0.0000,1.0000,0.0000,none,0.6000,walk_f,0.29294
8.7262,steps,429.539,450.000,150.075,150.000,-2.532,70.351,60.000,1.000,78.933,60.000,0.000,0.006,13.141,424.084,461.502,70.351,445.163,438.571,78.933,0.3502,8.4433,0,0,0.0000,0.0000,1.0000,0.0000,none,0.6000,walk_f,0.35556
8.7764,steps,437.072,450.000,150.075,150.000,-1.377,70.350,60.000,1.000,75.635,60.000,0.000,0.001,8.941,424.054,461.502,70.350,468.970,438.501,75.635,0.3500,5.2434,0,0,0.0000,0.0000,1.0000,0.0000,none,0.6000,walk_f,0.41833
8.8285,steps,444.890,450.000,150.075,150.000,-1.256,70.350,60.000,1.000,89.721,60.000,1.000,0.004,1.920,424.032,461.502,70.350,481.762,438.500,89.721,0.3499,1.2228,0,0,0.0000,0.0000,1.0000,0.9705,none,0.6000,walk_f,0.48348
8.8786,steps,452.397,450.000,150.075,150.000,-0.684,70.350,60.000,1.000,90.347,60.000,1.000,0.007,0.010,424.067,461.502,70.350,484.092,438.507,90.347,0.3493,0.3497,0,0,0.0000,0.0000,1.0000,1.0000,none,0.6000,walk_f,0.54604
8.9300,steps,460.107,450.000,150.075,150.000,-0.367,70.379,60.000,1.000,90.348,60.000,1.000,0.379,0.010,424.446,461.502,70.379,484.083,438.514,90.348,0.3576,0.3499,0,0,0.0000,0.0000,1.0000,1.0000,none,0.6000,walk_f,0.61029
8.9812,steps,467.790,450.000,150.075,150.000,-1.347,72.516,60.000,0.309,90.352,60.000,1.000,6.160,0.006,432.675,461.502,72.516,484.125,438.495,90.352,2.2198,0.3502,0,0,0.0000,0.0000,0.3094,1.0000,none,0.6000,walk_f,0.67432
9.0320,steps,475.406,450.000,157.329,150.000,-0.740,84.876,60.000,0.000,90.352,60.000,1.000,11.695,0.006,451.799,461.514,84.876,484.067,438.505,90.352,14.4126,0.3502,0,0,0.0000,0.0000,0.0000,1.0000,none,0.6000,walk_f,0.73778
9.0831,steps,483.075,450.000,164.920,150.000,-0.398,94.931,60.000,0.000,90.348,60.000,1.000,14.127,0.006,480.000,461.477,94.931,484.078,438.500,90.348,24.4281,0.3499,0,0,0.0000,0.0000,0.0000,1.0000,none,0.6000,walk_f,0.80169
9.1349,steps,490.843,450.000,168.630,150.000,-0.212,97.213,80.000,0.000,90.350,60.000,1.000,12.676,0.006,510.050,461.452,97.213,484.072,438.499,90.350,6.7317,0.3500,0,0,0.0000,0.0000,0.0000,1.0000,none,0.6000,walk_f,0.86642
9.1861,steps,498.520,450.000,170.004,150.000,-0.114,94.476,80.000,0.025,90.352,60.000,1.000,7.702,0.012,531.779,461.492,94.476,483.960,438.493,90.352,4.1230,0.3503,0,0,0.0000,0.0000,0.0254,1.0000,none,0.6000,walk_f,0.93040
9.2378,steps,506.278,450.000,170.004,150.000,-1.205,90.144,80.000,1.000,90.350,60.000,1.000,0.573,0.002,543.380,461.500,90.144,484.047,438.500,90.350,0.1115,0.3500,0,0,0.0000,0.0000,1.0000,1.0000,none,0.6000,walk_f,0.99505
9.2883,steps,513.861,450.000,170.004,150.000,-0.656,90.101,80.000,1.000,90.349,60.000,1.000,0.010,0.012,544.103,461.483,90.101,484.050,438.497,90.349,0.1002,0.3500,0,0,0.0000,0.0000,1.0000,1.0000,none,0.6000,walk_f,0.05824
9.3392,steps,521.489,450.000,170.004,150.000,-0.357,90.101,80.000,1.000,90.174,60.000,1.000,0.004,0.541,544.078,461.496,90.101,484.626,438.500,90.174,0.1001,0.3339,0,0,0.0000,0.0000,1.0000,1.0000,none,0.6000,walk_f,0.12181
9.3901,steps,529.129,450.000,170.004,150.000,-2.031,90.101,80.000,1.000,93.634,60.000,0.101,0.006,7.271,544.137,461.506,90.101,495.399,438.497,93.634,0.1001,5.7694,0,0,0.0000,0.0000,1.0000,0.1014,none,0.6000,walk_f,0.18547
9.4404,steps,536.678,450.000,170.004,150.000,-1.103,90.100,80.000,1.000,98.648,80.000,0.000,0.004,12.478,544.070,461.498,90.100,515.684,438.498,98.648,0.1001,8.1709,0,0,0.0000,0.0000,1.0000,0.0000,none,0.6000,walk_f,0.24838
9.4905,steps,544.191,450.000,170.004,150.000,-0.601,90.100,80.000,1.000,99.890,80.000,0.000,0.003,14.118,544.081,461.499,90.100,544.493,438.533,99.890,0.1001,9.3867,0,0,0.0000,0.0000,1.0000,0.0000,none,0.6000,walk_f,0.31099
9.5419,steps,551.893,450.000,170.638,150.000,-0.469,90.101,80.000,1.000,108.587,80.000,1.000,0.002,12.300,544.072,461.500,90.101,574.001,438.501,108.587,0.1001,2.0119,0,0,0.0000,0.0000,1.0000,0.0000,none,0.6000,walk_f,0.37518
9.5934,steps,559.628,450.000,182.173,150.000,-9.852,90.102,80.000,1.000,110.555,100.000,1.000,0.015,6.758,543.924,461.509,90.102,593.923,438.506,110.555,0.1003,0.2354,0,0,0.0000,0.0000,1.0000,0.1602,none,0.6000,walk_f,0.43964
9.6444,steps,567.272,450.000,187.316,150.000,-12.024,90.101,80.000,1.000,110.100,100.000,1.000,0.005,0.001,544.063,461.502,90.101,604.079,438.503,110.100,0.1001,0.1000,0,0,0.0000,0.0000,1.0000,1.0000,none,0.6000,walk_f,0.50333
9.6945,steps,574.791,450.000,189.694,150.000,-19.017,90.101,80.000,1.000,110.101,100.000,1.000,0.011,0.012,544.053,461.503,90.101,604.114,438.519,110.101,0.1003,0.1003,0,0,0.0000,0.0000,1.0000,1.0000,none,0.6000,walk_f,0.56599
9.7456,steps,582.448,450.000,189.956,150.000,-20.333,90.187,80.000,1.000,110.100,100.000,1.000,1.139,0.003,545.380,461.500,90.187,604.093,438.500,110.100,0.1229,0.1001,0,0,0.0000,0.0000,1.0000,1.0000,none,0.6000,walk_f,0.62980
9.7962,steps,590.046,450.000,189.956,150.000,-15.758,114.546,80.000,0.008,110.103,100.000,1.000,8.036,0.010,557.295,461.502,114.546,604.149,438.491,110.103,24.1832,0.1003,0,0,0.0000,0.0000,0.0075,1.0000,none,0.6000,walk_f,0.69312
9.8473,steps,597.703,450.000,189.956,150.000,-8.484,118.801,80.000,0.000,110.101,100.000,1.000,12.848,0.004,579.451,461.500,118.801,604.072,438.502,110.101,12.3655,0.1001,0,0,0.0000,0.0000,0.0000,1.0000,none,0.6000,walk_f,0.75692
9.8978,steps,605.278,450.000,189.956,150.000,-4.565,119.865,100.000,0.000,110.100,100.000,1.000,14.083,0.004,608.898,461.473,119.865,604.078,438.501,110.100,9.3620,0.1001,0,0,0.0000,0.0000,0.0000,1.0000,none,0.6000,walk_f,0.82005
9.9491,steps,612.977,450.000,189.956,150.000,-2.449,117.485,100.000,0.000,110.100,100.000,1.000,11.617,0.002,637.206,461.450,117.485,604.063,438.501,110.100,7.0245,0.1000,0,0,0.0000,0.0000,0.0000,1.0000,none,0.6000,walk_f,0.88421
10.0005,steps,618.321,450.000,189.956,36.285,-1.313,114.612,100.000,0.012,110.102,100.000,1.000,7.872,0.010,651.394,461.493,114.612,604.064,438.501,110.102,4.2534,0.1002,0,0,0.0000,0.0000,0.0123,1.0000,stop_f,0.0378,walk_f,0.92874
10.0510,steps,618.579,450.000,189.956,0.000,-0.789,111.985,100.000,0.408,110.102,100.000,1.000,6.340,0.006,647.119,461.469,111.985,604.064,438.501,110.102,1.6760,0.1002,0,0,0.0000,0.0000,0.4081,1.0000,stop_f,0.0884,idle_combat,0.94456
10.1011,steps,618.579,450.000,189.956,0.000,-0.565,110.295,100.000,1.000,110.104,100.000,1.000,2.475,0.015,634.703,461.782,110.295,604.064,438.501,110.104,0.1517,0.1004,0,0,0.0000,0.0000,1.0000,1.0000,stop_f,0.1385,idle_combat,0.96238
10.1511,steps,618.579,450.000,189.956,0.000,-0.558,110.102,100.000,1.000,110.100,100.000,1.000,0.014,0.005,634.703,461.782,110.102,604.064,438.501,110.100,0.1003,0.1001,0,0,0.0000,0.0000,1.0000,1.0000,stop_f,0.1885,idle_combat,0.98024
10.2022,steps,618.579,450.000,189.956,0.000,-0.561,110.101,100.000,1.000,110.101,100.000,1.000,0.005,0.010,634.703,461.782,110.101,604.064,438.501,110.101,0.1001,0.1002,0,0,0.0000,0.0000,1.0000,1.0000,stop_f,0.2396,idle_combat,0.99844
10.2528,steps,618.579,450.000,189.956,0.000,-0.568,110.100,100.000,1.000,110.100,100.000,1.000,0.000,0.003,634.703,461.782,110.100,604.064,438.501,110.100,0.1000,0.1000,0,0,0.0000,0.0000,1.0000,1.0000,stop_f,0.2902,idle_combat,0.01658
10.3044,steps,618.579,450.000,189.956,0.000,-0.580,110.101,100.000,1.000,110.100,100.000,1.000,0.004,0.003,634.703,461.782,110.101,604.064,438.501,110.100,0.1001,0.1001,0,0,0.0000,0.0000,1.0000,1.0000,stop_f,0.3418,idle_combat,0.03503
10.3552,steps,618.579,450.000,189.956,0.000,-0.604,110.100,100.000,1.000,110.101,100.000,1.000,0.002,0.006,634.703,461.782,110.100,604.064,438.501,110.101,0.1000,0.1001,0,0,0.0000,0.0000,1.0000,1.0000,stop_f,0.3926,idle_combat,0.05315
10.4064,steps,618.579,450.000,189.956,0.000,-0.633,110.101,100.000,1.000,110.105,100.000,1.000,0.010,0.014,634.703,461.782,110.101,604.064,438.501,110.105,0.1002,0.1005,0,0,0.0000,0.0000,1.0000,1.0000,stop_f,0.4438,idle_combat,0.07142
10.4582,steps,618.579,450.000,189.956,0.000,-0.671,110.100,100.000,1.000,110.100,100.000,1.000,0.003,0.002,634.703,461.782,110.100,604.064,438.501,110.100,0.1001,0.1001,0,0,0.0000,0.0000,1.0000,1.0000,stop_f,0.4956,idle_combat,0.08965
10.5090,steps,618.579,450.000,189.956,0.000,-0.714,110.100,100.000,1.000,110.102,100.000,1.000,0.003,0.007,634.703,461.782,110.100,604.064,438.501,110.102,0.1000,0.1002,0,0,0.0000,0.0000,1.0000,1.0000,stop_f,0.5464,idle_combat,0.10806
10.5598,steps,618.579,450.000,189.956,0.000,-0.761,110.102,100.000,1.000,110.101,100.000,1.000,0.006,0.004,634.703,461.782,110.102,604.064,438.501,110.101,0.1002,0.1001,0,0,0.0000,0.0000,1.0000,1.0000,stop_f,0.5972,idle_combat,0.12617
10.6105,steps,618.579,450.000,189.956,0.000,-0.815,110.101,100.000,1.000,110.100,100.000,1.000,0.006,0.004,634.703,461.782,110.101,604.064,438.501,110.100,0.1001,0.1001,0,0,0.0000,0.0000,1.0000,1.0000,stop_f,0.6479,idle_combat,0.14431
10.6613,steps,618.579,450.000,189.956,0.000,-0.874,110.100,100.000,1.000,110.100,100.000,1.000,0.002,0.003,634.703,461.782,110.100,604.064,438.501,110.100,0.1000,0.1000,0,0,0.0000,0.0000,1.0000,1.0000,stop_f,0.6987,idle_combat,0.16215
10.7127,steps,618.579,450.000,189.956,0.000,-0.938,110.101,100.000,1.000,110.103,100.000,1.000,0.005,0.008,634.703,461.782,110.101,604.064,438.501,110.103,0.1001,0.1003,0,0,0.0000,0.0000,1.0000,1.0000,none,0.7000,idle_combat,0.18079
10.7644,steps,618.579,450.000,189.956,0.000,-1.001,110.101,100.000,1.000,110.100,100.000,1.000,0.005,0.004,634.703,461.782,110.101,604.064,438.501,110.100,0.1001,0.1001,0,0,0.0000,0.0000,1.0000,1.0000,none,0.7000,idle_combat,0.19920
10.8153,steps,618.579,450.000,189.956,0.000,-1.075,110.102,100.000,1.000,110.101,100.000,1.000,0.007,0.006,634.703,461.782,110.102,604.064,438.501,110.101,0.1002,0.1001,0,0,0.0000,0.0000,1.0000,1.0000,none,0.7000,idle_combat,0.21749
10.8674,steps,618.579,450.000,189.956,0.000,-1.141,110.100,100.000,1.000,110.100,100.000,1.000,0.001,0.002,634.703,461.782,110.100,604.064,438.501,110.100,0.1000,0.1000,0,0,0.0000,0.0000,1.0000,1.0000,none,0.7000,idle_combat,0.23556
10.9184,steps,618.579,450.000,189.956,0.000,-1.211,110.100,100.000,1.000,110.103,100.000,1.000,0.001,0.009,634.703,461.782,110.100,604.064,438.501,110.103,0.1000,0.1002,0,0,0.0000,0.0000,1.0000,1.0000,none,0.7000,idle_combat,0.25427
10.9691,steps,618.579,450.000,189.956,0.000,-1.280,110.101,100.000,1.000,110.103,100.000,1.000,0.003,0.009,634.703,461.782,110.101,604.064,438.501,110.103,0.1001,0.1003,0,0,0.0000,0.0000,1.0000,1.0000,none,0.7000,idle_combat,0.27241
11.0198,steps,618.579,450.000,189.956,0.000,-1.344,110.100,100.000,1.000,110.101,100.000,1.000,0.001,0.004,634.703,461.782,110.100,604.064,438.501,110.101,0.1000,0.1001,0,0,0.0000,0.0000,1.0000,1.0000,none,0.7000,idle_combat,0.29051
11.0715,steps,618.579,450.000,189.956,0.000,-1.407,110.100,100.000,1.000,110.101,100.000,1.000,0.002,0.008,634.703,461.782,110.100,604.064,438.501,110.101,0.1000,0.1002,0,0,0.0000,0.0000,1.0000,1.0000,none,0.7000,idle_combat,0.30895
11.1219,steps,618.579,450.000,189.956,0.000,-1.468,110.100,100.000,1.000,110.100,100.000,1.000,0.001,0.001,634.703,461.782,110.100,604.064,438.501,110.100,0.1000,0.1000,0,0,0.0000,0.0000,1.0000,1.0000,none,0.7000,idle_combat,0.32694
11.1725,steps,618.579,450.000,189.956,0.000,-1.527,110.102,100.000,1.000,110.101,100.000,1.000,0.006,0.007,634.703,461.782,110.102,604.064,438.501,110.101,0.1002,0.1001,0,0,0.0000,0.0000,1.0000,1.0000,none,0.7000,idle_combat,0.34503
11.2233,steps,618.579,450.000,189.956,0.000,-1.571,110.103,100.000,1.000,110.100,100.000,1.000,0.009,0.005,634.703,461.782,110.103,604.064,438.501,110.100,0.1003,0.1001,0,0,0.0000,0.0000,1.0000,1.0000,none,0.7000,idle_combat,0.36319
11.2741,steps,618.579,450.000,189.956,0.000,-1.618,110.102,100.000,1.000,110.101,100.000,1.000,0.005,0.004,634.703,461.782,110.102,604.064,438.501,110.101,0.1001,0.1001,0,0,0.0000,0.0000,1.0000,1.0000,none,0.7000,idle_combat,0.38131
11.3247,steps,618.579,450.000,189.956,0.000,-1.662,110.100,100.000,1.000,110.100,100.000,1.000,0.004,0.001,634.703,461.782,110.100,604.064,438.501,110.100,0.1001,0.1000,0,0,0.0000,0.0000,1.0000,1.0000,none,0.7000,idle_combat,0.39937
11.3761,steps,618.579,450.000,189.956,0.000,-1.696,110.102,100.000,1.000,110.100,100.000,1.000,0.014,0.003,634.703,461.782,110.102,604.064,438.501,110.100,0.1003,0.1000,0,0,0.0000,0.0000,1.0000,1.0000,none,0.7000,idle_combat,0.41775
11.4269,steps,618.579,450.000,189.956,0.000,-1.721,110.103,100.000,1.000,110.100,100.000,1.000,0.008,0.001,634.703,461.782,110.103,604.064,438.501,110.100,0.1003,0.1000,0,0,0.0000,0.0000,1.0000,1.0000,none,0.7000,idle_combat,0.43559
11.4780,steps,618.579,450.000,189.956,0.000,-1.743,110.100,100.000,1.000,110.102,100.000,1.000,0.004,0.005,634.703,461.782,110.100,604.064,438.501,110.102,0.1000,0.1002,0,0,0.0000,0.0000,1.0000,1.0000,none,0.7000,idle_combat,0.45415
11.5292,steps,618.579,450.000,189.956,0.000,-1.755,110.101,100.000,1.000,110.101,100.000,1.000,0.007,0.002,634.703,461.782,110.101,604.064,438.501,110.101,0.1001,0.1001,0,0,0.0000,0.0000,1.0000,1.0000,none,0.7000,idle_combat,0.47239
11.5805,steps,618.579,450.000,189.956,0.000,-1.759,110.101,100.000,1.000,110.100,100.000,1.000,0.013,0.002,634.703,461.782,110.101,604.064,438.501,110.100,0.1003,0.1001,0,0,0.0000,0.0000,1.0000,1.0000,none,0.7000,idle_combat,0.49061
11.6350,steps,618.579,450.000,189.956,0.000,-1.758,110.102,100.000,1.000,110.101,100.000,1.000,0.014,0.005,634.703,461.782,110.102,604.064,438.501,110.101,0.1003,0.1002,0,0,0.0000,0.0000,1.0000,1.0000,none,0.7000,idle_combat,0.50707
11.6904,steps,618.579,450.000,189.956,0.000,-1.754,110.101,100.000,1.000,110.100,100.000,1.000,0.010,0.002,634.703,461.782,110.101,604.064,438.501,110.100,0.1002,0.1000,0,0,0.0000,0.0000,1.0000,1.0000,none,0.7000,idle_combat,0.52682
11.7419,steps,618.579,450.000,189.956,0.000,-1.745,110.101,100.000,1.000,110.100,100.000,1.000,0.006,0.001,634.703,461.782,110.101,604.064,438.501,110.100,0.1001,0.1000,0,0,0.0000,0.0000,1.0000,1.0000,none,0.7000,idle_combat,0.54836
11.7926,steps,618.579,450.000,189.956,0.000,-1.729,110.101,100.000,1.000,110.100,100.000,1.000,0.009,0.003,634.703,461.782,110.101,604.064,438.501,110.100,0.1002,0.1000,0,0,0.0000,0.0000,1.0000,1.0000,none,0.7000,idle_combat,0.56581
11.8439,steps,618.579,450.000,189.956,0.000,-1.706,110.102,100.000,1.000,110.101,100.000,1.000,0.014,0.005,634.703,461.782,110.102,604.064,438.501,110.101,0.1003,0.1001,0,0,0.0000,0.0000,1.0000,1.0000,none,0.7000,idle_combat,0.58482
11.8943,steps,618.579,450.000,189.956,0.000,-1.677,110.100,100.000,1.000,110.101,100.000,1.000,0.004,0.007,634.703,461.782,110.100,604.064,438.501,110.101,0.1001,0.1001,0,0,0.0000,0.0000,1.0000,1.0000,none,0.7000,idle_combat,0.60280
11.9453,steps,618.579,450.000,189.956,0.000,-1.640,110.101,100.000,1.000,110.101,100.000,1.000,0.004,0.011,634.703,461.782,110.101,604.064,438.501,110.101,0.1001,0.1002,0,0,0.0000,0.0000,1.0000,1.0000,none,0.7000,idle_combat,0.62104
11.9957,steps,618.579,450.000,189.956,0.000,-1.598,110.101,100.000,1.000,110.101,100.000,1.000,0.014,0.002,634.703,461.782,110.101,604.064,438.501,110.101,0.1003,0.1000,0,0,0.0000,0.0000,1.0000,1.0000,none,0.7000,idle_combat,0.63898
