t,phase,actor_x,actor_y,actor_z,speed,pelvis_offset,left_ankle_z,left_ground_z,left_ik_weight,right_ankle_z,right_ground_z,right_ik_weight,left_sole_normal_error_deg,right_sole_normal_error_deg,left_foot_x,left_foot_y,left_foot_z,right_foot_x,right_foot_y,right_foot_z,left_boot_clearance_min_cm,right_boot_clearance_min_cm,left_boot_inside_step_vertices,right_boot_inside_step_vertices,left_boot_step_penetration_max_cm,right_boot_step_penetration_max_cm,left_stance_weight,right_stance_weight
0.0628,ramp,280.494,-350.000,90.000,24.353,0.000,10.101,0.000,1.000,10.101,0.000,1.000,0.006,0.010,284.997,-337.504,10.101,274.001,-363.502,10.101,0.1001,0.1002,0,0,0.0000,0.0000,1.0000,1.0000
0.1587,ramp,290.138,-350.000,90.000,139.429,0.000,10.101,0.000,1.000,10.102,0.000,1.000,0.012,0.014,294.671,-337.432,10.101,282.633,-363.572,10.102,0.1003,0.1004,0,0,0.0000,0.0000,1.0000,1.0000
0.2125,ramp,298.179,-350.000,90.000,150.000,0.000,10.102,0.000,1.000,10.375,0.000,0.906,0.006,2.343,306.179,-337.001,10.102,282.292,-364.003,10.375,0.1002,0.2480,0,0,0.0000,0.0000,1.0000,0.9063
0.2632,ramp,305.791,-350.000,90.000,150.000,0.000,10.102,0.000,1.000,13.347,0.000,0.158,0.006,6.678,320.247,-337.001,10.102,286.440,-364.004,13.347,0.1002,3.0310,0,0,0.0000,0.0000,1.0000,0.1575
0.3220,ramp,314.599,-350.000,90.000,150.000,0.000,10.102,0.000,1.000,16.052,0.000,0.000,0.007,10.435,334.640,-337.002,10.102,292.251,-364.003,16.052,0.1002,5.6197,0,0,0.0000,0.0000,1.0000,0.0000
0.3736,ramp,322.351,-350.000,90.000,150.000,0.000,10.101,0.000,1.000,17.901,0.000,0.000,0.004,13.552,347.136,-337.004,10.101,297.457,-363.994,17.901,0.1001,7.4056,0,0,0.0000,0.0000,1.0000,0.0000
0.4240,ramp,329.900,-350.000,90.000,150.000,0.000,10.100,0.000,1.000,18.189,0.000,0.000,0.002,13.279,356.696,-337.145,10.100,303.617,-363.769,18.189,0.1001,7.6987,0,0,0.0000,0.0000,1.0000,0.0000
0.4749,ramp,337.535,-350.000,90.000,150.000,0.000,10.101,0.000,1.000,18.774,0.000,0.000,0.006,11.852,369.731,-337.570,10.101,307.404,-363.072,18.774,0.1001,8.3092,0,0,0.0000,0.0000,1.0000,0.0000
0.5253,ramp,345.093,-350.000,90.000,150.000,0.000,10.102,0.000,1.000,19.490,0.000,0.000,0.014,10.148,383.870,-338.083,10.102,310.286,-362.226,19.490,0.1004,9.0651,0,0,0.0000,0.0000,1.0000,0.0000
0.5764,ramp,352.769,-350.000,90.000,150.000,0.000,28.024,0.000,1.000,20.014,0.000,0.000,0.003,8.897,396.217,-338.431,28.024,314.635,-361.623,20.014,0.9429,9.6235,0,0,0.0000,0.0000,1.0000,0.0000
0.6283,ramp,360.548,-350.000,90.000,150.000,0.000,28.824,0.000,1.000,17.642,0.000,0.000,0.624,8.086,398.866,-338.855,28.824,325.228,-361.481,17.642,0.9296,7.2646,0,0,0.0000,0.0000,1.0000,0.0000
0.6794,ramp,368.213,-350.000,90.000,150.000,0.000,10.622,0.000,1.000,10.386,0.000,1.000,7.841,3.601,376.982,-339.512,10.622,352.604,-361.420,10.386,0.2583,0.1767,0,0,0.0000,0.0000,1.0000,1.0000
0.7299,ramp,375.784,-350.000,90.000,150.000,0.000,19.420,0.000,0.000,10.114,0.000,1.000,13.809,0.163,382.079,-338.569,19.420,372.971,-361.495,10.114,8.9204,0.1035,0,0,0.0000,0.0000,0.0000,1.0000
0.7805,ramp,383.377,-350.000,90.551,150.000,-0.480,29.265,0.000,1.000,10.100,0.000,1.000,11.301,0.001,408.595,-338.563,29.265,373.959,-361.499,10.100,0.6397,0.1000,0,0,0.0000,0.0000,0.0000,1.0000
0.8320,ramp,391.106,-350.000,99.268,150.000,-6.103,34.495,21.969,1.000,10.106,0.000,1.000,5.170,0.018,426.875,-338.504,34.495,373.887,-361.501,10.106,0.2717,0.1006,0,0,0.0000,0.0000,0.4728,1.0000
0.8820,ramp,398.609,-350.000,103.544,150.000,-9.289,35.298,24.556,1.000,10.101,0.000,1.000,0.001,0.014,433.982,-338.508,35.298,373.944,-361.507,10.101,0.1000,0.1002,0,0,0.0000,0.0000,1.0000,1.0000
0.9322,ramp,406.139,-350.000,106.285,150.000,-16.059,35.284,24.541,1.000,10.101,0.000,1.000,0.003,0.009,433.942,-338.507,35.284,373.920,-361.502,10.101,0.1001,0.1002,0,0,0.0000,0.0000,1.0000,1.0000
0.9834,ramp,413.809,-350.000,109.077,150.000,-19.187,35.316,24.571,1.000,11.679,0.000,0.930,0.007,2.546,434.025,-338.498,35.316,377.074,-361.501,11.679,0.1003,1.5424,0,0,0.0000,0.0000,1.0000,0.9305
1.0335,ramp,421.336,-350.000,111.816,150.000,-13.440,35.316,24.573,1.000,37.527,0.000,0.000,0.009,9.156,434.030,-338.497,35.316,390.018,-361.501,37.527,0.1002,27.1294,0,0,0.0000,0.0000,1.0000,0.0000
1.0838,ramp,428.882,-350.000,114.563,150.000,-7.296,35.305,24.563,1.000,43.622,17.342,0.000,0.004,6.812,434.001,-338.504,35.305,414.163,-361.501,43.622,0.1001,13.5158,0,0,0.0000,0.0000,1.0000,0.0000
1.1356,ramp,436.649,-350.000,117.390,150.000,-3.926,35.304,24.562,1.000,47.580,28.450,0.000,0.003,6.013,433.998,-338.499,35.304,444.682,-361.496,47.580,0.1001,6.6084,0,0,0.0000,0.0000,1.0000,0.0000
1.1861,ramp,444.223,-350.000,120.147,150.000,-4.816,35.304,24.561,1.000,51.915,38.056,1.000,0.002,9.238,433.997,-338.501,35.304,471.075,-361.427,51.915,0.1001,0.4054,0,0,0.0000,0.0000,1.0000,0.0000
1.2361,ramp,451.724,-350.000,122.877,150.000,-5.427,35.291,24.548,1.000,56.088,44.239,1.000,0.005,3.164,433.962,-338.499,35.291,488.060,-361.500,56.088,0.1001,0.2062,0,0,0.0000,0.0000,1.0000,0.5989
1.2876,ramp,459.449,-350.000,125.688,150.000,-7.061,35.279,24.535,1.000,57.133,46.391,1.000,0.018,0.003,433.925,-338.490,35.279,493.973,-361.491,57.133,0.1004,0.1001,0,0,0.0000,0.0000,1.0000,1.0000
1.3377,ramp,466.952,-350.000,128.419,150.000,-13.236,35.294,24.550,1.000,57.123,46.381,1.000,0.027,0.001,433.966,-338.500,35.294,493.948,-361.498,57.123,0.1006,0.1000,0,0,0.0000,0.0000,1.0000,1.0000
1.3886,ramp,474.600,-350.000,131.203,150.000,-15.077,39.392,26.034,0.838,57.151,46.409,1.000,0.195,0.002,438.042,-338.499,39.392,494.024,-361.500,57.151,2.6982,0.1001,0,0,0.0000,0.0000,0.8384,1.0000
1.4391,ramp,482.172,-350.000,133.959,150.000,-9.674,60.073,31.131,0.000,57.156,46.411,1.000,10.266,0.008,452.047,-338.493,60.073,494.030,-361.498,57.156,15.1983,0.1003,0,0,0.0000,0.0000,0.0000,1.0000
1.4895,ramp,489.726,-350.000,136.708,150.000,-5.242,66.025,40.389,0.000,57.128,46.386,1.000,6.551,0.002,477.485,-338.497,66.025,493.959,-361.497,57.128,12.9531,0.1001,0,0,0.0000,0.0000,0.0000,1.0000
1.5402,ramp,497.326,-350.000,139.475,150.000,-2.971,69.340,51.220,0.000,57.136,46.394,1.000,6.191,0.003,507.241,-338.526,69.340,493.982,-361.501,57.136,5.4688,0.1001,0,0,0.0000,0.0000,0.0000,1.0000
1.5940,ramp,505.408,-350.000,142.416,150.000,-4.845,74.090,60.248,1.000,57.604,46.862,1.000,9.185,0.002,532.046,-338.571,74.090,495.268,-361.498,57.604,0.4039,0.1001,0,0,0.0000,0.0000,0.0000,1.0000
1.6442,ramp,512.935,-350.000,145.156,150.000,-5.362,77.571,66.604,1.000,57.104,46.360,1.000,0.632,0.007,549.509,-338.500,77.571,493.888,-361.500,57.104,0.1225,0.1002,0,0,0.0000,0.0000,0.7872,1.0000
1.6944,ramp,520.461,-350.000,147.895,150.000,-8.052,78.959,68.217,1.000,57.111,46.368,1.000,0.003,0.014,553.941,-338.507,78.959,493.910,-361.507,57.111,0.1001,0.1003,0,0,0.0000,0.0000,1.0000,1.0000
1.7455,ramp,528.128,-350.000,150.686,150.000,-13.611,78.976,68.233,1.000,57.198,46.443,1.000,0.006,0.165,553.985,-338.512,78.976,494.117,-361.501,57.198,0.1002,0.1035,0,0,0.0000,0.0000,1.0000,1.0000
1.7962,ramp,535.735,-350.000,153.454,150.000,-14.794,78.986,68.242,1.000,65.254,48.379,0.663,0.006,2.356,554.008,-338.499,78.986,499.436,-361.501,65.254,0.1002,5.4828,0,0,0.0000,0.0000,1.0000,0.6634
1.8472,ramp,543.390,-350.000,156.240,150.000,-8.765,78.964,68.222,1.000,82.751,54.377,0.000,0.009,9.486,553.953,-338.506,78.964,515.915,-361.516,82.751,0.1002,14.8462,0,0,0.0000,0.0000,1.0000,0.0000
1.8973,ramp,550.898,-350.000,158.973,150.000,-4.773,78.967,68.225,1.000,88.818,63.826,0.000,0.004,6.167,553.962,-338.502,78.967,541.877,-361.501,88.818,0.1001,12.2704,0,0,0.0000,0.0000,1.0000,0.0000
1.9479,ramp,558.491,-350.000,161.737,150.000,-2.853,79.036,68.293,1.000,91.039,74.460,0.000,0.005,6.524,554.149,-338.498,79.036,571.093,-361.440,91.039,0.1002,3.6265,0,0,0.0000,0.0000,1.0000,0.0000
1.9982,ramp,566.039,-350.000,164.484,150.000,-5.564,78.975,68.233,1.000,97.894,83.668,1.000,0.003,10.413,553.983,-338.501,78.975,596.392,-361.465,97.894,0.1001,0.4428,0,0,0.0000,0.0000,1.0000,0.0000
2.0487,ramp,573.609,-350.000,167.239,150.000,-5.181,78.952,68.210,1.000,99.515,88.726,1.000,0.004,0.426,553.920,-338.498,78.952,610.289,-361.500,99.515,0.1001,0.1110,0,0,0.0000,0.0000,1.0000,0.8673
2.1006,ramp,581.398,-350.000,170.074,150.000,-7.795,79.440,68.696,1.000,101.292,90.550,1.000,0.018,0.004,555.256,-338.490,79.440,615.299,-361.492,101.292,0.1004,0.1001,0,0,0.0000,0.0000,1.0000,1.0000
2.1519,ramp,589.091,-350.000,172.874,150.000,-13.932,79.086,68.322,1.000,100.813,90.070,1.000,0.273,0.011,554.228,-338.498,79.086,613.981,-361.485,100.813,0.1058,0.1003,0,0,0.0000,0.0000,1.0000,1.0000
2.2036,ramp,596.847,-350.000,175.697,150.000,-14.259,91.324,70.728,0.472,100.818,90.076,1.000,5.146,0.000,560.839,-338.500,91.324,613.999,-361.500,100.818,8.3484,0.1000,0,0,0.0000,0.0000,0.4716,1.0000
2.2539,ramp,604.385,-350.000,178.441,150.000,-8.030,105.330,77.234,0.000,100.840,90.096,1.000,8.952,0.007,578.714,-338.481,105.330,614.051,-361.493,100.840,14.7189,0.1002,0,0,0.0000,0.0000,0.0000,1.0000
2.3040,ramp,611.901,-350.000,181.176,150.000,-4.369,111.469,87.017,0.000,100.810,90.067,1.000,5.924,0.008,605.594,-338.503,111.469,613.974,-361.500,100.810,11.9561,0.1002,0,0,0.0000,0.0000,0.0000,1.0000
2.3542,ramp,619.432,-350.000,183.918,150.000,-2.813,112.799,97.674,0.000,100.832,90.090,1.000,6.887,0.007,634.872,-338.571,112.799,614.035,-361.502,100.832,2.2412,0.1001,0,0,0.0000,0.0000,0.0000,1.0000
2.4045,ramp,626.983,-350.000,186.666,150.000,-5.869,120.860,106.420,1.000,100.798,90.054,1.000,11.105,0.005,658.903,-338.501,120.860,613.938,-361.502,100.798,0.4648,0.1002,0,0,0.0000,0.0000,0.0000,1.0000
2.4550,ramp,634.554,-350.000,189.421,150.000,-5.164,121.814,110.966,1.000,100.782,90.039,1.000,1.259,0.005,671.392,-338.500,121.814,613.896,-361.501,100.782,0.1276,0.1002,0,0,0.0000,0.0000,0.9570,1.0000
2.5056,ramp,642.141,-350.000,192.183,150.000,-9.748,122.650,111.907,1.000,100.806,90.063,1.000,0.007,0.005,673.979,-338.505,122.650,613.963,-361.501,100.806,0.1002,0.1001,0,0,0.0000,0.0000,1.0000,1.0000
2.5557,ramp,649.659,-350.000,194.919,150.000,-14.137,122.642,111.899,1.000,100.947,90.177,1.000,0.009,0.345,673.957,-338.515,122.642,614.274,-361.501,100.947,0.1002,0.1074,0,0,0.0000,0.0000,1.0000,1.0000
2.6069,ramp,657.346,-350.000,197.717,150.000,-13.921,122.659,111.915,1.000,115.153,92.941,0.381,0.005,6.534,674.001,-338.498,122.659,621.868,-361.502,115.153,0.1002,9.5507,0,0,0.0000,0.0000,1.0000,0.3806
2.6587,ramp,665.110,-350.000,200.543,150.000,-7.621,122.646,111.903,1.000,127.993,99.952,0.000,0.007,8.464,673.967,-338.506,122.646,641.130,-361.514,127.993,0.1002,14.8032,0,0,0.0000,0.0000,1.0000,0.0000
2.7101,ramp,672.823,-350.000,203.350,150.000,-4.083,122.668,111.926,1.000,133.408,110.143,0.000,0.003,5.919,674.031,-338.500,122.668,669.130,-361.479,133.408,0.1001,10.7716,0,0,0.0000,0.0000,1.0000,0.0000
2.7617,ramp,680.559,-350.000,206.166,150.000,-3.156,122.648,111.905,1.000,134.768,121.118,0.000,0.004,7.304,673.973,-338.499,122.648,699.284,-361.446,134.768,0.1001,0.7503,0,0,0.0000,0.0000,1.0000,0.0000
2.8126,ramp,688.189,-350.000,208.943,150.000,-5.814,122.608,111.865,1.000,143.795,129.107,1.000,0.010,11.926,673.862,-338.491,122.608,721.233,-361.495,143.795,0.1003,0.4902,0,0,0.0000,0.0000,1.0000,0.0097
2.8629,ramp,695.734,-350.000,211.689,150.000,-4.950,122.725,111.983,1.000,144.127,133.288,1.000,0.003,1.199,674.186,-338.499,122.725,732.722,-361.500,144.127,0.1000,0.1257,0,0,0.0000,0.0000,1.0000,0.9978
2.9142,ramp,703.438,-350.000,214.493,150.000,-10.907,122.633,111.890,1.000,144.493,133.749,1.000,0.011,0.014,673.930,-338.497,122.633,733.989,-361.483,144.493,0.1003,0.1004,0,0,0.0000,0.0000,1.0000,1.0000
2.9655,ramp,711.123,-350.000,217.290,150.000,-14.640,122.873,112.090,1.000,144.483,133.741,1.000,0.510,0.006,674.479,-338.499,122.873,733.965,-361.493,144.483,0.1109,0.1002,0,0,0.0000,0.0000,1.0000,1.0000
3.0159,ramp,718.688,-350.000,220.044,150.000,-12.805,141.998,115.772,0.141,144.523,133.778,1.000,10.218,0.009,684.596,-338.498,141.998,734.068,-361.508,144.523,12.5019,0.1003,0,0,0.0000,0.0000,0.1411,1.0000
3.0660,ramp,726.200,-350.000,222.778,150.000,-6.987,151.005,122.941,0.000,144.510,133.766,1.000,7.849,0.006,704.293,-338.494,151.005,734.034,-361.497,144.510,15.0031,0.1002,0,0,0.0000,0.0000,0.0000,1.0000
3.1178,ramp,733.969,-350.000,225.606,150.000,-3.724,155.493,133.703,0.000,144.494,133.751,1.000,5.961,0.005,733.863,-338.531,155.493,733.995,-361.499,144.494,9.2835,0.1001,0,0,0.0000,0.0000,0.0000,1.0000
3.1683,ramp,741.550,-350.000,228.365,150.000,-3.830,157.610,144.255,1.000,144.503,133.760,1.000,7.639,0.004,762.854,-338.515,157.610,734.019,-361.500,144.503,0.3559,0.1001,0,0,0.0000,0.0000,0.0000,1.0000
3.2195,ramp,749.231,-350.000,231.160,150.000,-5.746,165.063,151.671,1.000,144.448,133.702,1.000,10.695,0.017,783.229,-338.509,165.063,733.858,-361.506,144.448,1.7171,0.1005,0,0,0.0000,0.0000,0.1149,1.0000
3.2703,ramp,756.851,-350.000,233.934,150.000,-4.936,166.350,156.000,1.000,144.486,133.744,1.000,0.001,0.003,793.983,-338.501,166.350,733.975,-361.500,144.486,0.3500,0.1001,0,0,0.0000,0.0000,1.0000,1.0000
3.3207,ramp,764.403,-350.000,236.683,150.000,-11.305,166.350,156.000,1.000,144.522,133.779,1.000,0.009,0.013,794.126,-338.518,166.350,734.071,-361.504,144.522,0.3491,0.1003,0,0,0.0000,0.0000,1.0000,1.0000
3.3711,ramp,771.965,-350.000,239.921,150.000,-15.428,166.352,156.000,1.000,144.854,134.049,1.000,0.005,0.774,793.979,-338.499,166.352,734.813,-361.500,144.854,0.3501,0.1165,0,0,0.0000,0.0000,1.0000,1.0000
3.4212,ramp,779.490,-350.000,244.249,150.000,-12.935,166.351,156.000,1.000,167.881,138.203,0.048,0.006,11.414,794.054,-338.493,166.351,746.225,-361.503,167.881,0.3500,15.6204,0,0,0.0000,0.0000,1.0000,0.0484
3.4729,ramp,787.235,-350.000,245.995,150.000,-6.909,166.350,156.000,1.000,174.824,146.099,0.000,0.003,7.315,793.981,-338.502,166.350,767.919,-361.500,174.824,0.3497,16.1011,0,0,0.0000,0.0000,1.0000,0.0000
3.5229,ramp,794.743,-350.000,245.995,150.000,-3.762,166.350,156.000,1.000,175.878,156.000,0.000,0.003,14.103,794.007,-338.501,166.350,796.950,-361.468,175.878,0.3500,9.3755,0,0,0.0000,0.0000,1.0000,0.0000
3.5735,ramp,802.336,-350.000,245.995,150.000,-2.035,166.351,156.000,1.000,173.997,156.000,0.000,0.002,11.973,793.997,-338.500,166.351,825.465,-361.470,173.997,0.3500,7.5291,0,0,0.0000,0.0000,1.0000,0.0000
3.6246,ramp,809.987,-350.000,245.995,150.000,-1.155,166.353,156.000,1.000,168.840,156.000,0.239,0.015,6.376,793.840,-338.492,166.353,844.697,-361.494,168.840,0.3504,2.5350,0,0,0.0000,0.0000,1.0000,0.2390
3.6757,ramp,817.660,-350.000,245.995,150.000,-1.067,166.352,156.000,1.000,166.100,156.000,1.000,0.009,0.001,793.968,-338.495,166.352,853.996,-361.495,166.100,0.3503,0.1000,0,0,0.0000,0.0000,1.0000,1.0000
3.7270,ramp,825.358,-350.000,245.995,150.000,-0.572,166.350,156.000,1.000,166.101,156.000,1.000,0.010,0.009,794.005,-338.497,166.350,854.056,-361.483,166.101,0.3493,0.1002,0,0,0.0000,0.0000,1.0000,1.0000
3.7787,ramp,833.103,-350.000,245.995,150.000,-0.692,166.246,156.000,0.985,166.100,156.000,1.000,1.826,0.002,796.196,-338.500,166.246,854.052,-361.500,166.100,0.1456,0.1001,0,0,0.0000,0.0000,0.9848,1.0000
3.8288,ramp,840.620,-350.000,245.995,150.000,-1.043,171.236,156.000,0.000,166.103,156.000,1.000,8.598,0.009,808.587,-338.498,171.236,854.026,-361.507,166.103,4.8545,0.1003,0,0,0.0000,0.0000,0.0000,1.0000
3.8790,ramp,848.159,-350.000,245.995,150.000,-0.562,174.900,156.000,0.000,166.101,156.000,1.000,13.015,0.002,831.428,-338.499,174.900,853.991,-361.497,166.101,8.4118,0.1001,0,0,0.0000,0.0000,0.0000,1.0000
4.2756,ramp,907.644,-350.000,245.995,150.000,0.000,175.869,156.000,0.000,166.100,156.000,1.000,14.095,0.005,909.545,-338.531,175.869,907.010,-361.499,166.101,9.3663,0.1001,0,0,0.0000,0.0000,0.0000,1.0000
4.3271,ramp,915.367,-350.000,245.995,150.000,0.000,166.101,156.000,1.000,175.930,156.000,0.000,0.003,14.086,913.980,-338.500,166.101,919.555,-361.473,175.930,0.1001,9.4269,0,0,0.0000,0.0000,1.0000,0.0000
4.3780,ramp,923.003,-350.000,245.995,150.000,0.000,166.101,156.000,1.000,173.374,156.000,0.000,0.002,11.537,913.967,-338.501,166.101,947.510,-361.443,173.374,0.1001,6.9146,0,0,0.0000,0.0000,1.0000,0.0000
4.4289,ramp,930.645,-350.000,245.995,150.000,-1.027,166.103,156.000,1.000,168.229,156.000,0.356,0.014,5.869,913.930,-338.495,166.103,965.907,-361.495,168.229,0.1004,1.9435,0,0,0.0000,0.0000,1.0000,0.3560
4.4791,ramp,938.167,-350.000,245.995,150.000,-1.024,166.102,156.000,1.000,166.100,156.000,1.000,0.013,0.002,913.993,-338.493,166.102,974.031,-361.493,166.100,0.1003,0.1000,0,0,0.0000,0.0000,1.0000,1.0000
4.5298,ramp,945.772,-350.000,245.995,150.000,-0.553,166.101,156.000,1.000,166.101,156.000,1.000,0.008,0.007,913.937,-338.498,166.101,973.974,-361.487,166.101,0.1002,0.1001,0,0,0.0000,0.0000,1.0000,1.0000
4.5815,ramp,953.528,-350.000,245.995,150.000,-0.857,166.296,156.000,0.960,166.100,156.000,1.000,2.214,0.002,916.713,-338.499,166.296,974.081,-361.500,166.100,0.1755,0.1000,0,0,0.0000,0.0000,0.9598,1.0000
4.6324,ramp,961.165,-350.000,245.995,150.000,-0.996,171.628,156.000,0.000,166.103,156.000,1.000,9.054,0.008,929.716,-338.498,171.628,973.999,-361.504,166.103,5.2337,0.1003,0,0,0.0000,0.0000,0.0000,1.0000
4.6828,ramp,968.725,-350.000,245.995,150.000,-0.540,175.013,156.000,0.000,166.100,156.000,1.000,13.202,0.001,953.683,-338.498,175.013,973.958,-361.497,166.100,8.5218,0.1000,0,0,0.0000,0.0000,0.0000,1.0000
4.7334,ramp,973.466,-350.000,245.995,27.281,-0.292,172.188,156.000,0.000,166.339,156.000,0.920,11.566,1.959,968.204,-338.410,172.188,971.817,-361.629,166.339,5.7265,0.2231,0,0,0.0000,0.0000,0.0000,0.9198
4.7841,ramp,973.592,-350.000,245.995,0.000,-0.158,166.593,156.000,1.000,172.283,156.000,0.000,7.244,3.382,987.922,-336.355,166.593,959.644,-363.656,172.283,0.2470,6.0803,0,0,0.0000,0.0000,1.0000,0.0000
4.8350,ramp,973.592,-350.000,245.995,0.000,-0.085,166.577,156.000,1.000,174.339,156.000,0.000,7.163,0.483,1002.279,-334.165,166.577,954.519,-365.831,174.339,0.2434,8.3117,0,0,0.0000,0.0000,1.0000,0.0000
4.8852,ramp,973.592,-350.000,245.995,0.000,-0.046,166.571,156.000,1.000,173.565,156.000,0.000,7.052,0.000,1002.598,-334.000,166.571,955.255,-365.868,173.565,0.2412,7.5651,0,0,0.0000,0.0000,1.0000,0.0000
4.9393,ramp,973.592,-350.000,245.995,0.000,-0.024,166.506,156.000,1.000,172.338,156.000,0.000,5.926,0.010,1002.599,-333.999,166.506,957.155,-365.491,172.338,0.2187,6.3376,0,0,0.0000,0.0000,1.0000,0.0000
4.9909,ramp,973.592,-350.000,245.995,0.000,-0.013,166.370,156.000,1.000,169.521,156.000,0.124,3.746,0.004,1002.596,-334.001,166.370,960.804,-364.760,169.521,0.1751,3.5207,0,0,0.0000,0.0000,1.0000,0.1240
5.0424,ramp,973.592,-350.000,245.995,0.000,-0.386,166.238,156.000,1.000,166.539,156.000,0.760,1.833,0.001,1002.609,-334.001,166.238,964.010,-364.123,166.539,0.1369,0.5390,0,0,0.0000,0.0000,1.0000,0.7600
5.0940,ramp,973.592,-350.000,245.995,0.000,-0.841,166.131,156.000,1.000,166.102,156.000,1.000,0.406,0.006,1002.590,-334.000,166.131,966.412,-363.636,166.102,0.1082,0.1002,0,0,0.0000,0.0000,1.0000,1.0000
5.1446,ramp,973.592,-350.000,245.995,0.000,-0.872,166.101,156.000,1.000,166.100,156.000,1.000,0.008,0.000,1002.226,-334.052,166.101,967.081,-363.503,166.100,0.1002,0.1000,0,0,0.0000,0.0000,1.0000,1.0000
5.1950,ramp,973.592,-350.000,245.995,0.000,-0.824,166.104,156.000,1.000,166.100,156.000,1.000,0.011,0.002,999.180,-334.487,166.104,967.096,-363.502,166.100,0.1003,0.1000,0,0,0.0000,0.0000,1.0000,1.0000
5.2468,ramp,973.592,-350.000,245.995,0.000,-0.484,166.100,156.000,1.000,166.101,156.000,1.000,0.002,0.008,992.723,-335.408,166.100,967.091,-363.501,166.101,0.1000,0.1002,0,0,0.0000,0.0000,1.0000,1.0000
5.2972,ramp,973.592,-350.000,245.995,0.000,-0.263,166.100,156.000,1.000,166.100,156.000,1.000,0.001,0.001,985.780,-336.400,166.100,967.096,-363.499,166.100,0.1000,0.1000,0,0,0.0000,0.0000,1.0000,1.0000
5.3481,ramp,973.592,-350.000,245.995,0.000,-0.142,166.102,156.000,1.000,166.101,156.000,1.000,0.006,0.002,980.236,-337.194,166.102,967.090,-363.499,166.101,0.1002,0.1000,0,0,0.0000,0.0000,1.0000,1.0000
5.3992,ramp,973.592,-350.000,245.995,0.000,-0.076,166.100,156.000,1.000,166.100,156.000,1.000,0.002,0.001,978.164,-337.489,166.100,967.092,-363.500,166.100,0.1001,0.1000,0,0,0.0000,0.0000,1.0000,1.0000
5.4497,ramp,973.592,-350.000,245.995,0.000,-0.041,166.100,156.000,1.000,166.100,156.000,1.000,0.004,0.001,978.140,-337.493,166.100,967.093,-363.499,166.100,0.1001,0.1000,0,0,0.0000,0.0000,1.0000,1.0000
5.5012,ramp,973.592,-350.000,245.995,0.000,-0.022,166.100,156.000,1.000,166.103,156.000,1.000,0.003,0.008,978.101,-337.497,166.100,967.089,-363.497,166.103,0.1001,0.1002,0,0,0.0000,0.0000,1.0000,1.0000
5.5524,ramp,973.592,-350.000,245.995,0.000,-0.012,166.100,156.000,1.000,166.101,156.000,1.000,0.005,0.007,978.096,-337.499,166.100,967.093,-363.500,166.101,0.1001,0.1002,0,0,0.0000,0.0000,1.0000,1.0000
5.6040,ramp,973.592,-350.000,245.995,0.000,-0.006,166.102,156.000,1.000,166.102,156.000,1.000,0.007,0.006,978.089,-337.503,166.102,967.093,-363.503,166.102,0.1002,0.1002,0,0,0.0000,0.0000,1.0000,1.0000
5.6546,ramp,973.592,-350.000,245.995,0.000,-0.003,166.100,156.000,1.000,166.100,156.000,1.000,0.001,0.001,978.091,-337.502,166.100,967.090,-363.502,166.100,0.1000,0.1000,0,0,0.0000,0.0000,1.0000,1.0000
5.7047,ramp,973.592,-350.000,245.995,0.000,-0.002,166.101,156.000,1.000,166.100,156.000,1.000,0.006,0.004,978.092,-337.499,166.101,967.093,-363.497,166.100,0.1001,0.1000,0,0,0.0000,0.0000,1.0000,1.0000
5.7559,ramp,973.592,-350.000,245.995,0.000,-0.001,166.100,156.000,1.000,166.100,156.000,1.000,0.003,0.000,978.094,-337.496,166.100,967.094,-363.498,166.100,0.1000,0.1000,0,0,0.0000,0.0000,1.0000,1.0000
5.8074,ramp,973.592,-350.000,245.995,0.000,-0.001,166.102,156.000,1.000,166.102,156.000,1.000,0.006,0.005,978.091,-337.500,166.102,967.092,-363.499,166.102,0.1002,0.1001,0,0,0.0000,0.0000,1.0000,1.0000
5.8591,ramp,973.592,-350.000,245.995,0.000,-0.000,166.102,156.000,1.000,166.101,156.000,1.000,0.006,0.006,978.095,-337.501,166.102,967.092,-363.501,166.101,0.1002,0.1001,0,0,0.0000,0.0000,1.0000,1.0000
5.9097,ramp,973.592,-350.000,245.995,0.000,-0.000,166.101,156.000,1.000,166.101,156.000,1.000,0.004,0.012,978.090,-337.498,166.101,967.094,-363.499,166.101,0.1001,0.1003,0,0,0.0000,0.0000,1.0000,1.0000
5.9599,ramp,973.592,-350.000,245.995,0.000,0.000,166.100,156.000,1.000,166.101,156.000,1.000,0.001,0.005,978.091,-337.502,166.100,967.093,-363.502,166.101,0.1000,0.1001,0,0,0.0000,0.0000,1.0000,1.0000
6.0109,ramp,973.592,-350.000,245.995,0.000,0.000,166.101,156.000,1.000,166.104,156.000,1.000,0.007,0.011,978.096,-337.504,166.101,967.092,-363.503,166.104,0.1001,0.1003,0,0,0.0000,0.0000,1.0000,1.0000
6.0621,ramp,973.592,-350.000,245.995,0.000,0.000,166.100,156.000,1.000,166.102,156.000,1.000,0.001,0.007,978.090,-337.500,166.100,967.091,-363.500,166.102,0.1000,0.1002,0,0,0.0000,0.0000,1.0000,1.0000
6.1129,ramp,973.592,-350.000,245.995,0.000,-0.064,166.101,156.000,1.000,166.100,156.000,1.000,0.002,0.003,978.096,-337.501,166.101,967.091,-363.502,166.100,0.1000,0.1000,0,0,0.0000,0.0000,1.0000,1.0000
6.1638,ramp,973.592,-350.000,245.995,0.000,-0.129,166.100,156.000,1.000,166.100,156.000,1.000,0.002,0.001,978.093,-337.502,166.100,967.093,-363.502,166.100,0.1000,0.1000,0,0,0.0000,0.0000,1.0000,1.0000
6.2141,ramp,973.592,-350.000,245.995,0.000,-0.194,166.101,156.000,1.000,166.100,156.000,1.000,0.004,0.002,978.090,-337.501,166.101,967.092,-363.500,166.100,0.1001,0.1000,0,0,0.0000,0.0000,1.0000,1.0000
6.2649,ramp,973.592,-350.000,245.995,0.000,-0.252,166.102,156.000,1.000,166.101,156.000,1.000,0.005,0.009,978.095,-337.501,166.102,967.094,-363.500,166.101,0.1001,0.1002,0,0,0.0000,0.0000,1.0000,1.0000
6.3151,ramp,973.592,-350.000,245.995,0.000,-0.303,166.104,156.000,1.000,166.100,156.000,1.000,0.012,0.001,978.088,-337.498,166.104,967.090,-363.499,166.100,0.1004,0.1000,0,0,0.0000,0.0000,1.0000,1.0000
6.3657,ramp,973.592,-350.000,245.995,0.000,-0.353,166.102,156.000,1.000,166.101,156.000,1.000,0.007,0.002,978.089,-337.500,166.102,967.093,-363.500,166.101,0.1002,0.1000,0,0,0.0000,0.0000,1.0000,1.0000
6.4164,ramp,973.592,-350.000,245.995,0.000,-0.401,166.101,156.000,1.000,166.100,156.000,1.000,0.011,0.003,978.092,-337.499,166.101,967.092,-363.501,166.100,0.1002,0.1001,0,0,0.0000,0.0000,1.0000,1.0000
6.4676,ramp,973.592,-350.000,245.995,0.000,-0.439,166.100,156.000,1.000,166.100,156.000,1.000,0.001,0.003,978.093,-337.502,166.100,967.094,-363.500,166.100,0.1000,0.1001,0,0,0.0000,0.0000,1.0000,1.0000
6.5184,ramp,973.592,-350.000,245.995,0.000,-0.471,166.104,156.000,1.000,166.101,156.000,1.000,0.012,0.002,978.088,-337.501,166.104,967.091,-363.500,166.101,0.1004,0.1000,0,0,0.0000,0.0000,1.0000,1.0000
6.5688,ramp,973.592,-350.000,245.995,0.000,-0.496,166.101,156.000,1.000,166.100,156.000,1.000,0.012,0.002,978.094,-337.501,166.101,967.092,-363.500,166.100,0.1003,0.1000,0,0,0.0000,0.0000,1.0000,1.0000
6.6191,ramp,973.592,-350.000,245.995,0.000,-0.514,166.101,156.000,1.000,166.101,156.000,1.000,0.012,0.002,978.093,-337.501,166.101,967.088,-363.501,166.101,0.1003,0.1000,0,0,0.0000,0.0000,1.0000,1.0000
6.6702,ramp,973.592,-350.000,245.995,0.000,-0.525,166.103,156.000,1.000,166.100,156.000,1.000,0.013,0.003,978.094,-337.500,166.103,967.089,-363.499,166.100,0.1003,0.1000,0,0,0.0000,0.0000,1.0000,1.0000
6.7211,ramp,973.592,-350.000,245.995,0.000,-0.527,166.102,156.000,1.000,166.101,156.000,1.000,0.016,0.005,978.090,-337.502,166.102,967.091,-363.501,166.101,0.1002,0.1001,0,0,0.0000,0.0000,1.0000,1.0000
6.7713,ramp,973.592,-350.000,245.995,0.000,-0.526,166.101,156.000,1.000,166.100,156.000,1.000,0.009,0.004,978.090,-337.499,166.101,967.098,-363.500,166.100,0.1002,0.1001,0,0,0.0000,0.0000,1.0000,1.0000
6.8231,ramp,973.592,-350.000,245.995,0.000,-0.522,166.100,156.000,1.000,166.100,156.000,1.000,0.003,0.002,978.094,-337.499,166.100,967.092,-363.501,166.100,0.1001,0.1000,0,0,0.0000,0.0000,1.0000,1.0000
6.8731,ramp,973.592,-350.000,245.995,0.000,-0.512,166.102,156.000,1.000,166.101,156.000,1.000,0.015,0.002,978.094,-337.499,166.102,967.090,-363.502,166.101,0.1004,0.1001,0,0,0.0000,0.0000,1.0000,1.0000
6.9249,ramp,973.592,-350.000,245.995,0.000,-0.495,166.101,156.000,1.000,166.100,156.000,1.000,0.013,0.004,978.092,-337.501,166.101,967.097,-363.501,166.100,0.1003,0.1001,0,0,0.0000,0.0000,1.0000,1.0000
6.9751,ramp,973.592,-350.000,245.995,0.000,-0.472,166.101,156.000,1.000,166.101,156.000,1.000,0.012,0.011,978.093,-337.502,166.101,967.096,-363.502,166.101,0.1003,0.1002,0,0,0.0000,0.0000,1.0000,1.0000
7.0264,steps,180.398,450.000,90.000,29.752,-0.434,10.101,0.000,1.000,10.101,0.000,1.000,0.004,0.013,184.899,462.505,10.101,173.841,436.496,10.101,0.1001,0.1003,0,0,0.0000,0.0000,1.0000,1.0000
7.0772,steps,183.518,450.000,90.000,90.710,-0.251,10.104,0.000,1.000,10.104,0.000,1.000,0.015,0.038,188.069,462.679,10.104,174.775,436.364,10.104,0.1004,0.1007,0,0,0.0000,0.0000,1.0000,1.0000
7.1285,steps,189.857,450.000,90.000,150.000,-0.134,10.104,0.000,1.000,10.101,0.000,1.000,0.011,0.010,194.371,462.963,10.104,176.479,436.046,10.101,0.1004,0.1002,0,0,0.0000,0.0000,1.0000,1.0000
7.1789,steps,197.420,450.000,90.000,150.000,-0.072,10.102,0.000,1.000,10.164,0.000,1.000,0.006,0.833,203.167,463.000,10.102,182.747,435.998,10.164,0.1002,0.1167,0,0,0.0000,0.0000,1.0000,1.0000
7.2294,steps,204.986,450.000,90.000,150.000,-0.039,10.102,0.000,1.000,11.019,0.000,0.660,0.006,3.902,215.313,462.998,10.102,187.851,435.997,11.019,0.1002,0.8179,0,0,0.0000,0.0000,1.0000,0.6601
7.2800,steps,212.577,450.000,90.000,150.000,-0.021,10.102,0.000,1.000,14.604,0.000,0.016,0.007,8.063,229.093,462.998,10.102,192.114,435.994,14.604,0.1002,4.2396,0,0,0.0000,0.0000,1.0000,0.0156
7.3315,steps,220.305,450.000,90.000,150.000,-0.011,30.351,0.000,1.000,16.932,0.000,0.000,0.002,11.943,242.588,462.999,30.351,196.762,435.997,16.932,0.4704,6.4652,0,0,0.0000,0.0000,1.0000,0.0000
7.3821,steps,227.900,450.000,90.000,150.000,-0.006,30.351,0.000,1.000,17.941,0.000,0.000,0.004,13.586,252.844,462.989,30.351,202.905,436.016,17.941,0.3501,7.4459,0,0,0.0000,0.0000,1.0000,0.0000
7.4337,steps,235.639,450.000,97.659,150.000,-0.003,30.350,20.000,1.000,25.923,0.000,0.000,0.001,13.108,263.106,462.807,30.350,208.882,436.317,25.923,0.3500,15.4355,0,0,0.0000,0.0000,1.0000,0.0000
7.4845,steps,243.257,450.000,104.856,150.000,-0.002,30.101,20.000,1.000,33.766,0.000,0.000,0.009,11.519,276.754,462.321,30.101,212.199,437.096,33.766,0.1002,23.3079,0,0,0.0000,0.0000,1.0000,0.0000
7.5355,steps,250.901,450.000,108.559,150.000,-0.001,30.101,20.000,1.000,38.200,0.000,0.000,0.011,9.811,290.949,461.839,30.101,215.188,437.939,38.200,0.1002,27.7836,0,0,0.0000,0.0000,1.0000,0.0000
7.5868,steps,258.594,450.000,109.946,150.000,-0.001,30.100,20.000,1.000,40.003,0.000,0.000,0.003,8.793,302.440,461.538,30.100,220.177,438.429,40.003,0.1001,29.6157,0,0,0.0000,0.0000,1.0000,0.0000
7.6378,steps,266.243,450.000,109.946,150.000,-0.000,30.210,20.000,1.000,36.036,0.000,0.000,1.363,7.558,300.062,460.880,30.210,233.407,438.526,36.036,0.1285,25.6679,0,0,0.0000,0.0000,1.0000,0.0000
7.6889,steps,273.912,450.000,109.946,150.000,-0.000,30.714,20.000,1.000,30.338,20.000,1.000,9.645,2.764,281.650,460.691,30.714,261.031,438.560,30.338,0.2944,1.1441,0,0,0.0000,0.0000,0.9899,1.0000
7.7394,steps,281.484,450.000,109.946,150.000,0.000,39.198,20.000,0.000,30.101,20.000,1.000,13.496,0.012,294.246,461.438,39.198,277.030,438.499,30.101,8.7026,0.1003,0,0,0.0000,0.0000,0.0000,1.0000
7.7907,steps,289.191,450.000,109.946,150.000,0.000,35.793,20.000,0.000,30.102,20.000,1.000,9.638,0.006,319.431,461.464,35.793,277.180,438.501,30.102,5.3811,0.1002,0,0,0.0000,0.0000,0.0000,1.0000
7.8423,steps,296.930,450.000,109.946,150.000,0.000,49.980,20.000,1.000,30.102,20.000,1.000,2.851,0.006,333.642,461.500,49.980,277.033,438.499,30.102,0.8325,0.1002,0,0,0.0000,0.0000,0.8892,1.0000
7.8940,steps,304.676,450.000,109.946,150.000,0.000,50.349,20.000,1.000,30.101,20.000,1.000,0.004,0.006,337.116,461.498,50.349,277.109,438.498,30.101,0.3507,0.1002,0,0,0.0000,0.0000,1.0000,1.0000
7.9441,steps,312.197,450.000,111.419,150.000,-1.444,50.350,20.000,1.000,30.121,20.000,1.000,0.009,0.275,337.103,461.485,50.350,277.345,438.499,30.121,0.3507,0.1055,0,0,0.0000,0.0000,1.0000,1.0000
7.9951,steps,319.843,450.000,122.129,150.000,-9.620,50.351,20.000,1.000,37.887,20.000,0.487,0.004,5.362,337.077,461.500,50.351,283.774,438.500,37.887,0.3501,7.6223,0,0,0.0000,0.0000,1.0000,0.4867
8.0468,steps,327.599,450.000,127.467,150.000,-5.553,50.349,20.000,1.000,54.490,20.000,0.000,0.008,11.177,337.125,461.493,50.349,302.250,438.483,54.490,0.3514,24.0380,0,0,0.0000,0.0000,1.0000,0.0000
8.0974,steps,335.183,450.000,129.597,150.000,-2.966,50.350,20.000,1.000,59.838,20.000,0.000,0.003,14.166,337.092,461.500,50.350,329.373,438.507,59.838,0.3505,13.7491,0,0,0.0000,0.0000,1.0000,0.0000
8.1476,steps,342.724,450.000,130.138,150.000,-1.611,50.351,20.000,1.000,58.941,40.000,0.000,0.006,13.076,337.084,461.502,50.351,358.854,438.570,58.941,0.3502,8.4520,0,0,0.0000,0.0000,1.0000,0.0000
8.1985,steps,350.353,450.000,130.138,150.000,-0.862,50.350,20.000,1.000,55.626,40.000,0.000,0.002,8.851,337.221,461.503,50.350,382.351,438.501,55.626,0.3502,5.2373,0,0,0.0000,0.0000,1.0000,0.0000
8.2490,steps,357.927,450.000,130.138,150.000,-1.384,50.350,20.000,1.000,50.262,40.000,0.973,0.004,1.871,337.019,461.502,50.350,394.808,438.500,50.262,0.3502,0.1597,0,0,0.0000,0.0000,1.0000,0.9735
8.3006,steps,365.670,450.000,130.138,150.000,-0.823,50.350,20.000,1.000,50.101,40.000,1.000,0.008,0.011,337.069,461.502,50.350,397.105,438.510,50.101,0.3510,0.1002,0,0,0.0000,0.0000,1.0000,1.0000
8.3514,steps,373.296,450.000,130.138,150.000,-0.445,50.299,20.000,1.000,50.101,40.000,1.000,0.402,0.010,337.465,461.502,50.299,397.077,438.514,50.101,0.4180,0.1002,0,0,0.0000,0.0000,1.0000,1.0000
8.4019,steps,380.867,450.000,130.138,150.000,-1.432,52.615,40.000,0.299,50.102,40.000,1.000,6.207,0.006,345.811,461.502,52.615,397.147,438.495,50.102,2.3170,0.1002,0,0,0.0000,0.0000,0.2989,1.0000
8.4524,steps,388.432,450.000,130.138,150.000,-0.788,57.688,40.000,0.000,50.102,40.000,1.000,11.697,0.006,364.833,461.514,57.688,397.090,438.505,50.102,7.2248,0.1002,0,0,0.0000,0.0000,0.0000,1.0000
8.5044,steps,396.246,450.000,138.473,150.000,-6.755,68.465,40.000,0.000,50.101,40.000,1.000,14.125,0.006,393.493,461.476,68.465,397.142,438.501,50.101,17.9616,0.1002,0,0,0.0000,0.0000,0.0000,1.0000
8.5549,steps,403.821,450.000,145.413,150.000,-15.038,74.024,60.000,0.000,50.101,40.000,1.000,12.752,0.006,422.437,461.446,74.024,397.265,438.499,50.101,3.5411,0.1002,0,0,0.0000,0.0000,0.0000,1.0000
8.6063,steps,411.522,450.000,148.852,150.000,-18.255,73.344,60.000,0.026,50.102,40.000,1.000,7.693,0.012,444.790,461.492,73.344,396.952,438.493,50.102,2.9918,0.1003,0,0,0.0000,0.0000,0.0261,1.0000
8.6579,steps,419.269,450.000,149.943,150.000,-17.039,70.145,60.000,1.000,50.100,40.000,1.000,0.586,0.002,456.369,461.500,70.145,397.051,438.500,50.100,0.1118,0.1000,0,0,0.0000,0.0000,1.0000,1.0000
8.7081,steps,426.790,450.000,149.943,150.000,-18.737,70.101,60.000,1.000,50.101,40.000,1.000,0.010,0.011,457.184,461.483,70.101,397.132,438.497,50.101,0.1002,0.1003,0,0,0.0000,0.0000,1.0000,1.0000
8.7598,steps,434.544,450.000,149.943,150.000,-20.037,70.101,60.000,1.000,50.142,40.000,1.000,0.004,0.547,457.083,461.496,70.101,397.638,438.500,50.142,0.1001,0.1110,0,0,0.0000,0.0000,1.0000,1.0000
8.8114,steps,442.290,450.000,149.943,150.000,-14.058,70.101,60.000,1.000,73.684,40.000,0.080,0.006,7.408,457.133,461.506,70.101,408.734,438.497,73.684,0.1001,5.8543,0,0,0.0000,0.0000,1.0000,0.0799
8.8620,steps,449.874,450.000,149.943,150.000,-7.556,70.100,60.000,1.000,78.770,60.000,0.000,0.003,12.602,457.063,461.499,70.100,429.297,438.500,78.770,0.1000,8.2905,0,0,0.0000,0.0000,1.0000,0.0000
8.9134,steps,457.593,450.000,149.943,150.000,-4.018,70.100,60.000,1.000,79.821,60.000,0.000,0.003,14.110,457.134,461.499,70.100,458.957,438.533,79.821,0.1001,9.3179,0,0,0.0000,0.0000,1.0000,0.0000
8.9637,steps,465.139,450.000,149.943,150.000,-2.182,70.101,60.000,1.000,86.965,60.000,1.000,0.002,12.146,457.075,461.500,70.100,487.725,438.516,86.965,0.1000,0.3500,0,0,0.0000,0.0000,1.0000,0.0000
9.0152,steps,472.851,450.000,152.915,150.000,-1.180,70.102,60.000,1.000,90.546,80.000,1.000,0.015,6.599,456.961,461.508,70.102,507.319,438.506,90.546,0.1003,0.2322,0,0,0.0000,0.0000,1.0000,0.1917
9.0655,steps,480.395,450.000,162.622,150.000,-7.420,70.102,60.000,1.000,90.100,80.000,1.000,0.006,0.001,457.072,461.503,70.102,517.091,438.503,90.100,0.1002,0.1000,0,0,0.0000,0.0000,1.0000,1.0000
9.1167,steps,488.084,450.000,167.682,150.000,-17.085,70.101,60.000,1.000,90.101,80.000,1.000,0.011,0.011,457.096,461.503,70.101,517.153,438.519,90.101,0.1002,0.1003,0,0,0.0000,0.0000,1.0000,1.0000
9.1693,steps,495.967,450.000,169.641,150.000,-20.110,70.219,60.000,0.999,90.100,80.000,1.000,1.365,0.002,458.952,461.500,70.219,517.383,438.500,90.100,0.1433,0.1001,0,0,0.0000,0.0000,0.9992,1.0000
9.2198,steps,503.554,450.000,169.931,150.000,-15.060,95.034,60.000,0.000,90.103,80.000,1.000,8.436,0.009,471.314,461.502,95.034,517.162,438.493,90.103,24.6583,0.1003,0,0,0.0000,0.0000,0.0000,1.0000
9.2716,steps,511.315,450.000,169.931,150.000,-8.036,98.843,60.000,0.000,90.101,80.000,1.000,13.030,0.002,494.720,461.501,98.843,517.099,438.503,90.101,12.4532,0.1001,0,0,0.0000,0.0000,0.0000,1.0000
9.3218,steps,518.849,450.000,169.931,150.000,-4.369,99.915,80.000,0.000,90.100,80.000,1.000,14.072,0.003,524.177,461.479,99.915,517.087,438.501,90.100,9.4124,0.1001,0,0,0.0000,0.0000,0.0000,1.0000
9.3719,steps,526.361,450.000,169.931,150.000,-2.361,97.153,80.000,0.000,90.100,80.000,1.000,11.373,0.001,551.353,461.440,97.153,517.059,438.501,90.100,6.6971,0.1000,0,0,0.0000,0.0000,0.0000,1.0000
9.4221,steps,533.888,450.000,169.931,150.000,-1.284,108.619,80.000,1.000,90.106,80.000,1.000,5.653,0.020,569.374,461.495,108.619,516.953,438.498,90.106,0.3323,0.1006,0,0,0.0000,0.0000,0.4092,1.0000
9.4755,steps,541.898,450.000,169.931,150.000,-0.670,110.350,80.000,1.000,90.101,80.000,1.000,0.001,0.014,577.403,461.492,110.350,517.366,438.493,90.101,0.3502,0.1002,0,0,0.0000,0.0000,1.0000,1.0000
9.5267,steps,549.577,450.000,169.931,150.000,-0.357,110.351,80.000,1.000,90.101,80.000,1.000,0.003,0.008,577.099,461.496,110.351,517.086,438.499,90.101,0.3501,0.1002,0,0,0.0000,0.0000,1.0000,1.0000
9.5770,steps,557.127,450.000,179.562,150.000,-9.737,110.352,80.000,1.000,91.281,80.000,0.908,0.007,2.760,577.121,461.502,110.352,520.442,438.499,91.281,0.3502,1.1333,0,0,0.0000,0.0000,1.0000,0.9078
9.6271,steps,564.646,450.000,185.923,150.000,-7.099,110.349,80.000,1.000,111.824,80.000,0.000,0.010,9.360,577.085,461.502,110.349,533.592,438.500,111.824,0.3516,21.4203,0,0,0.0000,0.0000,1.0000,0.0000
9.6775,steps,572.204,450.000,188.956,150.000,-3.851,110.350,80.000,1.000,118.066,80.000,0.000,0.004,13.314,577.128,461.496,110.350,558.036,438.499,118.066,0.3506,27.5736,0,0,0.0000,0.0000,1.0000,0.0000
9.7286,steps,579.868,450.000,190.034,150.000,-2.071,110.351,80.000,1.000,120.211,100.000,0.000,0.003,14.057,577.265,461.501,110.351,587.755,438.505,120.211,0.3501,9.7088,0,0,0.0000,0.0000,1.0000,0.0000
9.7791,steps,587.443,450.000,190.034,150.000,-1.121,110.351,80.000,1.000,116.504,100.000,0.000,0.002,10.714,577.095,461.499,110.351,614.534,438.573,116.504,0.3500,6.0640,0,0,0.0000,0.0000,1.0000,0.0000
9.8295,steps,595.006,450.000,190.034,150.000,-1.346,110.349,80.000,1.000,111.174,100.000,0.625,0.006,4.735,577.093,461.501,110.349,631.398,438.500,111.173,0.3509,0.9352,0,0,0.0000,0.0000,1.0000,0.6248
9.8798,steps,602.550,450.000,190.034,150.000,-0.951,110.351,80.000,1.000,110.100,100.000,1.000,0.018,0.003,577.063,461.510,110.351,637.111,438.509,110.100,0.3507,0.1001,0,0,0.0000,0.0000,1.0000,1.0000
9.9308,steps,610.202,450.000,190.034,150.000,-0.514,110.345,80.000,1.000,110.100,100.000,1.000,0.039,0.002,577.125,461.501,110.345,637.097,438.503,110.100,0.3566,0.1000,0,0,0.0000,0.0000,1.0000,1.0000
9.9821,steps,617.293,450.000,190.034,88.349,-0.307,110.349,100.000,1.000,110.126,100.000,1.000,0.988,0.332,581.881,461.483,110.349,637.528,438.543,110.126,0.6399,0.1067,0,0,0.0000,0.0000,1.0000,1.0000
10.0330,steps,618.660,450.000,190.034,0.000,-0.165,110.247,100.000,1.000,111.581,100.000,0.499,1.885,3.501,608.627,462.388,110.247,620.025,437.912,111.581,0.1389,1.3815,0,0,0.0000,0.0000,1.0000,0.4994
10.0839,steps,618.660,450.000,190.034,0.000,-0.089,110.515,100.000,1.000,118.080,100.000,0.000,6.051,1.862,642.279,465.229,110.515,601.835,434.938,118.080,0.2214,7.9680,0,0,0.0000,0.0000,1.0000,0.0000
10.1348,steps,618.660,450.000,190.034,0.000,-0.048,110.588,100.000,1.000,117.937,100.000,0.000,7.356,0.003,647.662,466.000,110.588,599.807,434.028,117.937,0.2473,7.9362,0,0,0.0000,0.0000,1.0000,0.0000
10.1856,steps,618.660,450.000,190.034,0.000,-0.026,110.534,100.000,1.000,116.895,100.000,0.000,6.407,0.007,647.670,466.001,110.534,601.412,434.345,116.895,0.2283,6.8944,0,0,0.0000,0.0000,1.0000,0.0000
10.2361,steps,618.660,450.000,190.034,0.000,-0.014,110.433,100.000,1.000,115.108,100.000,0.000,4.729,0.005,647.663,465.999,110.433,604.209,434.907,115.108,0.1948,5.1078,0,0,0.0000,0.0000,1.0000,0.0000
10.2871,steps,618.660,450.000,190.034,0.000,-0.008,110.306,100.000,1.000,111.770,100.000,0.426,2.797,0.002,647.672,465.998,110.306,607.454,435.551,111.770,0.1562,1.7698,0,0,0.0000,0.0000,1.0000,0.4257
10.3371,steps,618.660,450.000,190.034,0.000,-0.804,110.185,100.000,1.000,110.173,100.000,0.936,1.124,0.000,647.661,466.000,110.185,610.278,436.122,110.173,0.1225,0.1725,0,0,0.0000,0.0000,1.0000,0.9358
10.3876,steps,618.660,450.000,190.034,0.000,-0.901,110.111,100.000,1.000,110.101,100.000,1.000,0.144,0.002,647.661,466.000,110.111,611.918,436.451,110.101,0.1029,0.1001,0,0,0.0000,0.0000,1.0000,1.0000
10.4394,steps,618.660,450.000,190.034,0.000,-0.906,110.100,100.000,1.000,110.100,100.000,1.000,0.002,0.001,646.402,465.821,110.100,612.164,436.499,110.100,0.1004,0.1000,0,0,0.0000,0.0000,1.0000,1.0000
10.4930,steps,618.660,450.000,190.034,0.000,-0.704,110.101,100.000,1.000,110.100,100.000,1.000,0.009,0.005,642.178,465.219,110.101,612.162,436.499,110.100,0.0986,0.1001,0,0,0.0000,0.0000,1.0000,1.0000
10.5433,steps,618.660,450.000,190.034,0.000,-0.382,110.100,100.000,1.000,110.100,100.000,1.000,0.004,0.006,634.364,464.102,110.100,612.161,436.500,110.100,0.1001,0.1001,0,0,0.0000,0.0000,1.0000,1.0000
10.5945,steps,618.660,450.000,190.034,0.000,-0.205,110.102,100.000,1.000,110.100,100.000,1.000,0.007,0.003,627.684,463.148,110.102,612.158,436.502,110.100,0.1002,0.1001,0,0,0.0000,0.0000,1.0000,1.0000
10.6453,steps,618.660,450.000,190.034,0.000,-0.111,110.101,100.000,1.000,110.101,100.000,1.000,0.002,0.003,623.820,462.594,110.101,612.160,436.500,110.101,0.1000,0.1001,0,0,0.0000,0.0000,1.0000,1.0000
10.6968,steps,618.660,450.000,190.034,0.000,-0.059,110.100,100.000,1.000,110.100,100.000,1.000,0.003,0.001,623.164,462.501,110.100,612.161,436.501,110.100,0.1001,0.1000,0,0,0.0000,0.0000,1.0000,1.0000
10.7477,steps,618.660,450.000,190.034,0.000,-0.032,110.101,100.000,1.000,110.102,100.000,1.000,0.005,0.006,623.162,462.500,110.101,612.160,436.499,110.102,0.1001,0.1002,0,0,0.0000,0.0000,1.0000,1.0000
10.7985,steps,618.660,450.000,190.034,0.000,-0.017,110.103,100.000,1.000,110.102,100.000,1.000,0.010,0.007,623.159,462.497,110.103,612.158,436.498,110.102,0.1003,0.1002,0,0,0.0000,0.0000,1.0000,1.0000
10.8505,steps,618.660,450.000,190.034,0.000,-0.009,110.100,100.000,1.000,110.101,100.000,1.000,0.001,0.002,623.162,462.501,110.100,612.161,436.500,110.101,0.1000,0.1001,0,0,0.0000,0.0000,1.0000,1.0000
10.9102,steps,618.660,450.000,190.034,0.000,-0.004,110.101,100.000,1.000,110.102,100.000,1.000,0.009,0.008,623.160,462.502,110.101,612.162,436.501,110.102,0.1001,0.1002,0,0,0.0000,0.0000,1.0000,1.0000
10.9617,steps,618.660,450.000,190.034,0.000,-0.002,110.101,100.000,1.000,110.101,100.000,1.000,0.005,0.009,623.163,462.497,110.101,612.165,436.498,110.101,0.1001,0.1002,0,0,0.0000,0.0000,1.0000,1.0000
11.0121,steps,618.660,450.000,190.034,0.000,-0.001,110.100,100.000,1.000,110.100,100.000,1.000,0.001,0.003,623.160,462.496,110.100,612.157,436.495,110.100,0.1000,0.1000,0,0,0.0000,0.0000,1.0000,1.0000
11.0634,steps,618.660,450.000,190.034,0.000,-0.001,110.101,100.000,1.000,110.100,100.000,1.000,0.003,0.003,623.162,462.503,110.101,612.159,436.502,110.100,0.1001,0.1001,0,0,0.0000,0.0000,1.0000,1.0000
11.1145,steps,618.660,450.000,190.034,0.000,-0.000,110.100,100.000,1.000,110.101,100.000,1.000,0.002,0.007,623.161,462.501,110.100,612.163,436.502,110.101,0.1000,0.1002,0,0,0.0000,0.0000,1.0000,1.0000
11.1666,steps,618.660,450.000,190.034,0.000,-0.000,110.101,100.000,1.000,110.104,100.000,1.000,0.010,0.013,623.166,462.497,110.101,612.157,436.498,110.104,0.1002,0.1004,0,0,0.0000,0.0000,1.0000,1.0000
11.2181,steps,618.660,450.000,190.034,0.000,-0.000,110.100,100.000,1.000,110.100,100.000,1.000,0.002,0.001,623.160,462.503,110.100,612.159,436.503,110.100,0.1000,0.1000,0,0,0.0000,0.0000,1.0000,1.0000
11.2768,steps,618.660,450.000,190.034,0.000,0.000,110.100,100.000,1.000,110.102,100.000,1.000,0.003,0.007,623.166,462.502,110.100,612.158,436.500,110.102,0.1000,0.1002,0,0,0.0000,0.0000,1.0000,1.0000
11.3282,steps,618.660,450.000,190.034,0.000,0.000,110.102,100.000,1.000,110.101,100.000,1.000,0.005,0.004,623.158,462.495,110.102,612.158,436.496,110.101,0.1001,0.1001,0,0,0.0000,0.0000,1.0000,1.0000
11.3797,steps,618.660,450.000,190.034,0.000,0.000,110.101,100.000,1.000,110.100,100.000,1.000,0.006,0.003,623.160,462.502,110.101,612.160,436.501,110.100,0.1001,0.1000,0,0,0.0000,0.0000,1.0000,1.0000
11.4299,steps,618.660,450.000,190.034,0.000,0.000,110.100,100.000,1.000,110.100,100.000,1.000,0.001,0.004,623.162,462.504,110.100,612.165,436.504,110.100,0.1000,0.1001,0,0,0.0000,0.0000,1.0000,1.0000
11.4812,steps,618.660,450.000,190.034,0.000,0.000,110.100,100.000,1.000,110.102,100.000,1.000,0.003,0.007,623.162,462.502,110.100,612.159,436.500,110.102,0.1000,0.1002,0,0,0.0000,0.0000,1.0000,1.0000
11.5323,steps,618.660,450.000,190.034,0.000,0.000,110.101,100.000,1.000,110.101,100.000,1.000,0.004,0.007,623.165,462.500,110.101,612.160,436.498,110.101,0.1001,0.1001,0,0,0.0000,0.0000,1.0000,1.0000
11.5839,steps,618.660,450.000,190.034,0.000,0.000,110.102,100.000,1.000,110.101,100.000,1.000,0.006,0.008,623.159,462.500,110.102,612.161,436.500,110.101,0.1002,0.1001,0,0,0.0000,0.0000,1.0000,1.0000
11.6347,steps,618.660,450.000,190.034,0.000,0.000,110.100,100.000,1.000,110.101,100.000,1.000,0.002,0.003,623.157,462.496,110.100,612.161,436.496,110.101,0.1000,0.1000,0,0,0.0000,0.0000,1.0000,1.0000
11.6870,steps,618.660,450.000,190.034,0.000,0.000,110.100,100.000,1.000,110.103,100.000,1.000,0.002,0.009,623.163,462.498,110.100,612.161,436.498,110.103,0.1000,0.1003,0,0,0.0000,0.0000,1.0000,1.0000
11.7374,steps,618.660,450.000,190.034,0.000,-0.013,110.101,100.000,1.000,110.103,100.000,1.000,0.004,0.009,623.160,462.501,110.101,612.160,436.501,110.103,0.1001,0.1003,0,0,0.0000,0.0000,1.0000,1.0000
11.7946,steps,618.660,450.000,190.034,0.000,-0.077,110.100,100.000,1.000,110.101,100.000,1.000,0.000,0.003,623.161,462.499,110.100,612.160,436.499,110.101,0.1000,0.1001,0,0,0.0000,0.0000,1.0000,1.0000
11.8451,steps,618.660,450.000,190.034,0.000,-0.154,110.100,100.000,1.000,110.100,100.000,1.000,0.002,0.005,623.162,462.497,110.100,612.160,436.498,110.100,0.1000,0.1001,0,0,0.0000,0.0000,1.0000,1.0000
11.8958,steps,618.660,450.000,190.034,0.000,-0.219,110.101,100.000,1.000,110.100,100.000,1.000,0.003,0.002,623.158,462.499,110.101,612.160,436.500,110.100,0.1001,0.1000,0,0,0.0000,0.0000,1.0000,1.0000
11.9469,steps,618.660,450.000,190.034,0.000,-0.281,110.102,100.000,1.000,110.101,100.000,1.000,0.006,0.008,623.164,462.498,110.102,612.162,436.498,110.101,0.1001,0.1002,0,0,0.0000,0.0000,1.0000,1.0000
11.9980,steps,618.660,450.000,190.034,0.000,-0.333,110.104,100.000,1.000,110.100,100.000,1.000,0.012,0.001,623.157,462.502,110.104,612.158,436.502,110.100,0.1003,0.1000,0,0,0.0000,0.0000,1.0000,1.0000
